The system is: Linux - 5.15.28-1-MANJARO - x86_64
Compiling the C compiler identification source file "CMakeCCompilerId.c" succeeded.
Compiler: /opt/cuda/bin/gcc 
Build flags: 
Id flags:  

The output was:
0


Compilation of the C compiler identification source "CMakeCCompilerId.c" produced "a.out"

The C compiler identification is GNU, found in "/home/baran/Work/code/trekker/build/CMakeFiles/3.22.3/CompilerIdC/a.out"

Compiling the CXX compiler identification source file "CMakeCXXCompilerId.cpp" succeeded.
Compiler: /opt/cuda/bin/g++ 
Build flags: 
Id flags:  

The output was:
0


Compilation of the CXX compiler identification source "CMakeCXXCompilerId.cpp" produced "a.out"

The CXX compiler identification is GNU, found in "/home/baran/Work/code/trekker/build/CMakeFiles/3.22.3/CompilerIdCXX/a.out"

Detecting C compiler ABI info compiled with the following output:
Change Dir: /home/baran/Work/code/trekker/build/CMakeFiles/CMakeTmp

Run Build Command(s):/usr/bin/ninja cmTC_eb067 && [1/2] Building C object CMakeFiles/cmTC_eb067.dir/CMakeCCompilerABI.c.o
Using built-in specs.
COLLECT_GCC=/opt/cuda/bin/gcc
Target: x86_64-pc-linux-gnu
Configured with: /build/gcc/src/gcc/configure --enable-languages=c,c++,ada,fortran,go,lto,objc,obj-c++,d --enable-bootstrap --prefix=/usr --libdir=/usr/lib --libexecdir=/usr/lib --mandir=/usr/share/man --infodir=/usr/share/info --with-bugurl=https://bugs.archlinux.org/ --with-linker-hash-style=gnu --with-system-zlib --enable-__cxa_atexit --enable-cet=auto --enable-checking=release --enable-clocale=gnu --enable-default-pie --enable-default-ssp --enable-gnu-indirect-function --enable-gnu-unique-object --enable-linker-build-id --enable-lto --enable-multilib --enable-plugin --enable-shared --enable-threads=posix --disable-libssp --disable-libstdcxx-pch --disable-werror --with-build-config=bootstrap-lto --enable-link-serialization=1 gdc_include_dir=/usr/include/dlang/gdc
Thread model: posix
Supported LTO compression algorithms: zlib zstd
gcc version 11.2.0 (GCC) 
COLLECT_GCC_OPTIONS='-v' '-o' 'CMakeFiles/cmTC_eb067.dir/CMakeCCompilerABI.c.o' '-c' '-mtune=generic' '-march=x86-64' '-dumpdir' 'CMakeFiles/cmTC_eb067.dir/'
 /usr/lib/gcc/x86_64-pc-linux-gnu/11.2.0/cc1 -quiet -v /usr/share/cmake/Modules/CMakeCCompilerABI.c -quiet -dumpdir CMakeFiles/cmTC_eb067.dir/ -dumpbase CMakeCCompilerABI.c.c -dumpbase-ext .c -mtune=generic -march=x86-64 -version -o /tmp/cckQlrXP.s
GNU C17 (GCC) version 11.2.0 (x86_64-pc-linux-gnu)
	compiled by GNU C version 11.2.0, GMP version 6.2.1, MPFR version 4.1.0-p13, MPC version 1.2.1, isl version isl-0.24-GMP

GGC heuristics: --param ggc-min-expand=100 --param ggc-min-heapsize=131072
ignoring nonexistent directory "/usr/lib/gcc/x86_64-pc-linux-gnu/11.2.0/../../../../x86_64-pc-linux-gnu/include"
#include "..." search starts here:
#include <...> search starts here:
 /usr/lib/gcc/x86_64-pc-linux-gnu/11.2.0/include
 /usr/local/include
 /usr/lib/gcc/x86_64-pc-linux-gnu/11.2.0/include-fixed
 /usr/include
End of search list.
GNU C17 (GCC) version 11.2.0 (x86_64-pc-linux-gnu)
	compiled by GNU C version 11.2.0, GMP version 6.2.1, MPFR version 4.1.0-p13, MPC version 1.2.1, isl version isl-0.24-GMP

GGC heuristics: --param ggc-min-expand=100 --param ggc-min-heapsize=131072
Compiler executable checksum: 65a5ec6b673b24273c0fdde359680a16
COLLECT_GCC_OPTIONS='-v' '-o' 'CMakeFiles/cmTC_eb067.dir/CMakeCCompilerABI.c.o' '-c' '-mtune=generic' '-march=x86-64' '-dumpdir' 'CMakeFiles/cmTC_eb067.dir/'
 as -v --64 -o CMakeFiles/cmTC_eb067.dir/CMakeCCompilerABI.c.o /tmp/cckQlrXP.s
GNU assembler version 2.38 (x86_64-pc-linux-gnu) using BFD version (GNU Binutils) 2.38
COMPILER_PATH=/usr/lib/gcc/x86_64-pc-linux-gnu/11.2.0/:/usr/lib/gcc/x86_64-pc-linux-gnu/11.2.0/:/usr/lib/gcc/x86_64-pc-linux-gnu/:/usr/lib/gcc/x86_64-pc-linux-gnu/11.2.0/:/usr/lib/gcc/x86_64-pc-linux-gnu/
LIBRARY_PATH=/usr/lib/gcc/x86_64-pc-linux-gnu/11.2.0/:/usr/lib/gcc/x86_64-pc-linux-gnu/11.2.0/../../../../lib/:/lib/../lib/:/usr/lib/../lib/:/usr/lib/gcc/x86_64-pc-linux-gnu/11.2.0/../../../:/lib/:/usr/lib/
COLLECT_GCC_OPTIONS='-v' '-o' 'CMakeFiles/cmTC_eb067.dir/CMakeCCompilerABI.c.o' '-c' '-mtune=generic' '-march=x86-64' '-dumpdir' 'CMakeFiles/cmTC_eb067.dir/CMakeCCompilerABI.c.'
[2/2] Linking C executable cmTC_eb067
Using built-in specs.
COLLECT_GCC=/opt/cuda/bin/gcc
COLLECT_LTO_WRAPPER=/usr/lib/gcc/x86_64-pc-linux-gnu/11.2.0/lto-wrapper
Target: x86_64-pc-linux-gnu
Configured with: /build/gcc/src/gcc/configure --enable-languages=c,c++,ada,fortran,go,lto,objc,obj-c++,d --enable-bootstrap --prefix=/usr --libdir=/usr/lib --libexecdir=/usr/lib --mandir=/usr/share/man --infodir=/usr/share/info --with-bugurl=https://bugs.archlinux.org/ --with-linker-hash-style=gnu --with-system-zlib --enable-__cxa_atexit --enable-cet=auto --enable-checking=release --enable-clocale=gnu --enable-default-pie --enable-default-ssp --enable-gnu-indirect-function --enable-gnu-unique-object --enable-linker-build-id --enable-lto --enable-multilib --enable-plugin --enable-shared --enable-threads=posix --disable-libssp --disable-libstdcxx-pch --disable-werror --with-build-config=bootstrap-lto --enable-link-serialization=1 gdc_include_dir=/usr/include/dlang/gdc
Thread model: posix
Supported LTO compression algorithms: zlib zstd
gcc version 11.2.0 (GCC) 
COMPILER_PATH=/usr/lib/gcc/x86_64-pc-linux-gnu/11.2.0/:/usr/lib/gcc/x86_64-pc-linux-gnu/11.2.0/:/usr/lib/gcc/x86_64-pc-linux-gnu/:/usr/lib/gcc/x86_64-pc-linux-gnu/11.2.0/:/usr/lib/gcc/x86_64-pc-linux-gnu/
LIBRARY_PATH=/usr/lib/gcc/x86_64-pc-linux-gnu/11.2.0/:/usr/lib/gcc/x86_64-pc-linux-gnu/11.2.0/../../../../lib/:/lib/../lib/:/usr/lib/../lib/:/usr/lib/gcc/x86_64-pc-linux-gnu/11.2.0/../../../:/lib/:/usr/lib/
COLLECT_GCC_OPTIONS='-v' '-o' 'cmTC_eb067' '-mtune=generic' '-march=x86-64' '-dumpdir' 'cmTC_eb067.'
 /usr/lib/gcc/x86_64-pc-linux-gnu/11.2.0/collect2 -plugin /usr/lib/gcc/x86_64-pc-linux-gnu/11.2.0/liblto_plugin.so -plugin-opt=/usr/lib/gcc/x86_64-pc-linux-gnu/11.2.0/lto-wrapper -plugin-opt=-fresolution=/tmp/ccWM5AK1.res -plugin-opt=-pass-through=-lgcc -plugin-opt=-pass-through=-lgcc_s -plugin-opt=-pass-through=-lc -plugin-opt=-pass-through=-lgcc -plugin-opt=-pass-through=-lgcc_s --build-id --eh-frame-hdr --hash-style=gnu -m elf_x86_64 -dynamic-linker /lib64/ld-linux-x86-64.so.2 -pie -o cmTC_eb067 /usr/lib/gcc/x86_64-pc-linux-gnu/11.2.0/../../../../lib/Scrt1.o /usr/lib/gcc/x86_64-pc-linux-gnu/11.2.0/../../../../lib/crti.o /usr/lib/gcc/x86_64-pc-linux-gnu/11.2.0/crtbeginS.o -L/usr/lib/gcc/x86_64-pc-linux-gnu/11.2.0 -L/usr/lib/gcc/x86_64-pc-linux-gnu/11.2.0/../../../../lib -L/lib/../lib -L/usr/lib/../lib -L/usr/lib/gcc/x86_64-pc-linux-gnu/11.2.0/../../.. CMakeFiles/cmTC_eb067.dir/CMakeCCompilerABI.c.o -lgcc --push-state --as-needed -lgcc_s --pop-state -lc -lgcc --push-state --as-needed -lgcc_s --pop-state /usr/lib/gcc/x86_64-pc-linux-gnu/11.2.0/crtendS.o /usr/lib/gcc/x86_64-pc-linux-gnu/11.2.0/../../../../lib/crtn.o
COLLECT_GCC_OPTIONS='-v' '-o' 'cmTC_eb067' '-mtune=generic' '-march=x86-64' '-dumpdir' 'cmTC_eb067.'



Parsed C implicit include dir info from above output: rv=done
  found start of include info
  found start of implicit include info
    add: [/usr/lib/gcc/x86_64-pc-linux-gnu/11.2.0/include]
    add: [/usr/local/include]
    add: [/usr/lib/gcc/x86_64-pc-linux-gnu/11.2.0/include-fixed]
    add: [/usr/include]
  end of search list found
  collapse include dir [/usr/lib/gcc/x86_64-pc-linux-gnu/11.2.0/include] ==> [/usr/lib/gcc/x86_64-pc-linux-gnu/11.2.0/include]
  collapse include dir [/usr/local/include] ==> [/usr/local/include]
  collapse include dir [/usr/lib/gcc/x86_64-pc-linux-gnu/11.2.0/include-fixed] ==> [/usr/lib/gcc/x86_64-pc-linux-gnu/11.2.0/include-fixed]
  collapse include dir [/usr/include] ==> [/usr/include]
  implicit include dirs: [/usr/lib/gcc/x86_64-pc-linux-gnu/11.2.0/include;/usr/local/include;/usr/lib/gcc/x86_64-pc-linux-gnu/11.2.0/include-fixed;/usr/include]


Parsed C implicit link information from above output:
  link line regex: [^( *|.*[/\])(ld|CMAKE_LINK_STARTFILE-NOTFOUND|([^/\]+-)?ld|collect2)[^/\]*( |$)]
  ignore line: [Change Dir: /home/baran/Work/code/trekker/build/CMakeFiles/CMakeTmp]
  ignore line: []
  ignore line: [Run Build Command(s):/usr/bin/ninja cmTC_eb067 && [1/2] Building C object CMakeFiles/cmTC_eb067.dir/CMakeCCompilerABI.c.o]
  ignore line: [Using built-in specs.]
  ignore line: [COLLECT_GCC=/opt/cuda/bin/gcc]
  ignore line: [Target: x86_64-pc-linux-gnu]
  ignore line: [Configured with: /build/gcc/src/gcc/configure --enable-languages=c c++ ada fortran go lto objc obj-c++ d --enable-bootstrap --prefix=/usr --libdir=/usr/lib --libexecdir=/usr/lib --mandir=/usr/share/man --infodir=/usr/share/info --with-bugurl=https://bugs.archlinux.org/ --with-linker-hash-style=gnu --with-system-zlib --enable-__cxa_atexit --enable-cet=auto --enable-checking=release --enable-clocale=gnu --enable-default-pie --enable-default-ssp --enable-gnu-indirect-function --enable-gnu-unique-object --enable-linker-build-id --enable-lto --enable-multilib --enable-plugin --enable-shared --enable-threads=posix --disable-libssp --disable-libstdcxx-pch --disable-werror --with-build-config=bootstrap-lto --enable-link-serialization=1 gdc_include_dir=/usr/include/dlang/gdc]
  ignore line: [Thread model: posix]
  ignore line: [Supported LTO compression algorithms: zlib zstd]
  ignore line: [gcc version 11.2.0 (GCC) ]
  ignore line: [COLLECT_GCC_OPTIONS='-v' '-o' 'CMakeFiles/cmTC_eb067.dir/CMakeCCompilerABI.c.o' '-c' '-mtune=generic' '-march=x86-64' '-dumpdir' 'CMakeFiles/cmTC_eb067.dir/']
  ignore line: [ /usr/lib/gcc/x86_64-pc-linux-gnu/11.2.0/cc1 -quiet -v /usr/share/cmake/Modules/CMakeCCompilerABI.c -quiet -dumpdir CMakeFiles/cmTC_eb067.dir/ -dumpbase CMakeCCompilerABI.c.c -dumpbase-ext .c -mtune=generic -march=x86-64 -version -o /tmp/cckQlrXP.s]
  ignore line: [GNU C17 (GCC) version 11.2.0 (x86_64-pc-linux-gnu)]
  ignore line: [	compiled by GNU C version 11.2.0  GMP version 6.2.1  MPFR version 4.1.0-p13  MPC version 1.2.1  isl version isl-0.24-GMP]
  ignore line: []
  ignore line: [GGC heuristics: --param ggc-min-expand=100 --param ggc-min-heapsize=131072]
  ignore line: [ignoring nonexistent directory "/usr/lib/gcc/x86_64-pc-linux-gnu/11.2.0/../../../../x86_64-pc-linux-gnu/include"]
  ignore line: [#include "..." search starts here:]
  ignore line: [#include <...> search starts here:]
  ignore line: [ /usr/lib/gcc/x86_64-pc-linux-gnu/11.2.0/include]
  ignore line: [ /usr/local/include]
  ignore line: [ /usr/lib/gcc/x86_64-pc-linux-gnu/11.2.0/include-fixed]
  ignore line: [ /usr/include]
  ignore line: [End of search list.]
  ignore line: [GNU C17 (GCC) version 11.2.0 (x86_64-pc-linux-gnu)]
  ignore line: [	compiled by GNU C version 11.2.0  GMP version 6.2.1  MPFR version 4.1.0-p13  MPC version 1.2.1  isl version isl-0.24-GMP]
  ignore line: []
  ignore line: [GGC heuristics: --param ggc-min-expand=100 --param ggc-min-heapsize=131072]
  ignore line: [Compiler executable checksum: 65a5ec6b673b24273c0fdde359680a16]
  ignore line: [COLLECT_GCC_OPTIONS='-v' '-o' 'CMakeFiles/cmTC_eb067.dir/CMakeCCompilerABI.c.o' '-c' '-mtune=generic' '-march=x86-64' '-dumpdir' 'CMakeFiles/cmTC_eb067.dir/']
  ignore line: [ as -v --64 -o CMakeFiles/cmTC_eb067.dir/CMakeCCompilerABI.c.o /tmp/cckQlrXP.s]
  ignore line: [GNU assembler version 2.38 (x86_64-pc-linux-gnu) using BFD version (GNU Binutils) 2.38]
  ignore line: [COMPILER_PATH=/usr/lib/gcc/x86_64-pc-linux-gnu/11.2.0/:/usr/lib/gcc/x86_64-pc-linux-gnu/11.2.0/:/usr/lib/gcc/x86_64-pc-linux-gnu/:/usr/lib/gcc/x86_64-pc-linux-gnu/11.2.0/:/usr/lib/gcc/x86_64-pc-linux-gnu/]
  ignore line: [LIBRARY_PATH=/usr/lib/gcc/x86_64-pc-linux-gnu/11.2.0/:/usr/lib/gcc/x86_64-pc-linux-gnu/11.2.0/../../../../lib/:/lib/../lib/:/usr/lib/../lib/:/usr/lib/gcc/x86_64-pc-linux-gnu/11.2.0/../../../:/lib/:/usr/lib/]
  ignore line: [COLLECT_GCC_OPTIONS='-v' '-o' 'CMakeFiles/cmTC_eb067.dir/CMakeCCompilerABI.c.o' '-c' '-mtune=generic' '-march=x86-64' '-dumpdir' 'CMakeFiles/cmTC_eb067.dir/CMakeCCompilerABI.c.']
  ignore line: [[2/2] Linking C executable cmTC_eb067]
  ignore line: [Using built-in specs.]
  ignore line: [COLLECT_GCC=/opt/cuda/bin/gcc]
  ignore line: [COLLECT_LTO_WRAPPER=/usr/lib/gcc/x86_64-pc-linux-gnu/11.2.0/lto-wrapper]
  ignore line: [Target: x86_64-pc-linux-gnu]
  ignore line: [Configured with: /build/gcc/src/gcc/configure --enable-languages=c c++ ada fortran go lto objc obj-c++ d --enable-bootstrap --prefix=/usr --libdir=/usr/lib --libexecdir=/usr/lib --mandir=/usr/share/man --infodir=/usr/share/info --with-bugurl=https://bugs.archlinux.org/ --with-linker-hash-style=gnu --with-system-zlib --enable-__cxa_atexit --enable-cet=auto --enable-checking=release --enable-clocale=gnu --enable-default-pie --enable-default-ssp --enable-gnu-indirect-function --enable-gnu-unique-object --enable-linker-build-id --enable-lto --enable-multilib --enable-plugin --enable-shared --enable-threads=posix --disable-libssp --disable-libstdcxx-pch --disable-werror --with-build-config=bootstrap-lto --enable-link-serialization=1 gdc_include_dir=/usr/include/dlang/gdc]
  ignore line: [Thread model: posix]
  ignore line: [Supported LTO compression algorithms: zlib zstd]
  ignore line: [gcc version 11.2.0 (GCC) ]
  ignore line: [COMPILER_PATH=/usr/lib/gcc/x86_64-pc-linux-gnu/11.2.0/:/usr/lib/gcc/x86_64-pc-linux-gnu/11.2.0/:/usr/lib/gcc/x86_64-pc-linux-gnu/:/usr/lib/gcc/x86_64-pc-linux-gnu/11.2.0/:/usr/lib/gcc/x86_64-pc-linux-gnu/]
  ignore line: [LIBRARY_PATH=/usr/lib/gcc/x86_64-pc-linux-gnu/11.2.0/:/usr/lib/gcc/x86_64-pc-linux-gnu/11.2.0/../../../../lib/:/lib/../lib/:/usr/lib/../lib/:/usr/lib/gcc/x86_64-pc-linux-gnu/11.2.0/../../../:/lib/:/usr/lib/]
  ignore line: [COLLECT_GCC_OPTIONS='-v' '-o' 'cmTC_eb067' '-mtune=generic' '-march=x86-64' '-dumpdir' 'cmTC_eb067.']
  link line: [ /usr/lib/gcc/x86_64-pc-linux-gnu/11.2.0/collect2 -plugin /usr/lib/gcc/x86_64-pc-linux-gnu/11.2.0/liblto_plugin.so -plugin-opt=/usr/lib/gcc/x86_64-pc-linux-gnu/11.2.0/lto-wrapper -plugin-opt=-fresolution=/tmp/ccWM5AK1.res -plugin-opt=-pass-through=-lgcc -plugin-opt=-pass-through=-lgcc_s -plugin-opt=-pass-through=-lc -plugin-opt=-pass-through=-lgcc -plugin-opt=-pass-through=-lgcc_s --build-id --eh-frame-hdr --hash-style=gnu -m elf_x86_64 -dynamic-linker /lib64/ld-linux-x86-64.so.2 -pie -o cmTC_eb067 /usr/lib/gcc/x86_64-pc-linux-gnu/11.2.0/../../../../lib/Scrt1.o /usr/lib/gcc/x86_64-pc-linux-gnu/11.2.0/../../../../lib/crti.o /usr/lib/gcc/x86_64-pc-linux-gnu/11.2.0/crtbeginS.o -L/usr/lib/gcc/x86_64-pc-linux-gnu/11.2.0 -L/usr/lib/gcc/x86_64-pc-linux-gnu/11.2.0/../../../../lib -L/lib/../lib -L/usr/lib/../lib -L/usr/lib/gcc/x86_64-pc-linux-gnu/11.2.0/../../.. CMakeFiles/cmTC_eb067.dir/CMakeCCompilerABI.c.o -lgcc --push-state --as-needed -lgcc_s --pop-state -lc -lgcc --push-state --as-needed -lgcc_s --pop-state /usr/lib/gcc/x86_64-pc-linux-gnu/11.2.0/crtendS.o /usr/lib/gcc/x86_64-pc-linux-gnu/11.2.0/../../../../lib/crtn.o]
    arg [/usr/lib/gcc/x86_64-pc-linux-gnu/11.2.0/collect2] ==> ignore
    arg [-plugin] ==> ignore
    arg [/usr/lib/gcc/x86_64-pc-linux-gnu/11.2.0/liblto_plugin.so] ==> ignore
    arg [-plugin-opt=/usr/lib/gcc/x86_64-pc-linux-gnu/11.2.0/lto-wrapper] ==> ignore
    arg [-plugin-opt=-fresolution=/tmp/ccWM5AK1.res] ==> ignore
    arg [-plugin-opt=-pass-through=-lgcc] ==> ignore
    arg [-plugin-opt=-pass-through=-lgcc_s] ==> ignore
    arg [-plugin-opt=-pass-through=-lc] ==> ignore
    arg [-plugin-opt=-pass-through=-lgcc] ==> ignore
    arg [-plugin-opt=-pass-through=-lgcc_s] ==> ignore
    arg [--build-id] ==> ignore
    arg [--eh-frame-hdr] ==> ignore
    arg [--hash-style=gnu] ==> ignore
    arg [-m] ==> ignore
    arg [elf_x86_64] ==> ignore
    arg [-dynamic-linker] ==> ignore
    arg [/lib64/ld-linux-x86-64.so.2] ==> ignore
    arg [-pie] ==> ignore
    arg [-o] ==> ignore
    arg [cmTC_eb067] ==> ignore
    arg [/usr/lib/gcc/x86_64-pc-linux-gnu/11.2.0/../../../../lib/Scrt1.o] ==> obj [/usr/lib/gcc/x86_64-pc-linux-gnu/11.2.0/../../../../lib/Scrt1.o]
    arg [/usr/lib/gcc/x86_64-pc-linux-gnu/11.2.0/../../../../lib/crti.o] ==> obj [/usr/lib/gcc/x86_64-pc-linux-gnu/11.2.0/../../../../lib/crti.o]
    arg [/usr/lib/gcc/x86_64-pc-linux-gnu/11.2.0/crtbeginS.o] ==> obj [/usr/lib/gcc/x86_64-pc-linux-gnu/11.2.0/crtbeginS.o]
    arg [-L/usr/lib/gcc/x86_64-pc-linux-gnu/11.2.0] ==> dir [/usr/lib/gcc/x86_64-pc-linux-gnu/11.2.0]
    arg [-L/usr/lib/gcc/x86_64-pc-linux-gnu/11.2.0/../../../../lib] ==> dir [/usr/lib/gcc/x86_64-pc-linux-gnu/11.2.0/../../../../lib]
    arg [-L/lib/../lib] ==> dir [/lib/../lib]
    arg [-L/usr/lib/../lib] ==> dir [/usr/lib/../lib]
    arg [-L/usr/lib/gcc/x86_64-pc-linux-gnu/11.2.0/../../..] ==> dir [/usr/lib/gcc/x86_64-pc-linux-gnu/11.2.0/../../..]
    arg [CMakeFiles/cmTC_eb067.dir/CMakeCCompilerABI.c.o] ==> ignore
    arg [-lgcc] ==> lib [gcc]
    arg [--push-state] ==> ignore
    arg [--as-needed] ==> ignore
    arg [-lgcc_s] ==> lib [gcc_s]
    arg [--pop-state] ==> ignore
    arg [-lc] ==> lib [c]
    arg [-lgcc] ==> lib [gcc]
    arg [--push-state] ==> ignore
    arg [--as-needed] ==> ignore
    arg [-lgcc_s] ==> lib [gcc_s]
    arg [--pop-state] ==> ignore
    arg [/usr/lib/gcc/x86_64-pc-linux-gnu/11.2.0/crtendS.o] ==> obj [/usr/lib/gcc/x86_64-pc-linux-gnu/11.2.0/crtendS.o]
    arg [/usr/lib/gcc/x86_64-pc-linux-gnu/11.2.0/../../../../lib/crtn.o] ==> obj [/usr/lib/gcc/x86_64-pc-linux-gnu/11.2.0/../../../../lib/crtn.o]
  collapse obj [/usr/lib/gcc/x86_64-pc-linux-gnu/11.2.0/../../../../lib/Scrt1.o] ==> [/usr/lib/Scrt1.o]
  collapse obj [/usr/lib/gcc/x86_64-pc-linux-gnu/11.2.0/../../../../lib/crti.o] ==> [/usr/lib/crti.o]
  collapse obj [/usr/lib/gcc/x86_64-pc-linux-gnu/11.2.0/../../../../lib/crtn.o] ==> [/usr/lib/crtn.o]
  collapse library dir [/usr/lib/gcc/x86_64-pc-linux-gnu/11.2.0] ==> [/usr/lib/gcc/x86_64-pc-linux-gnu/11.2.0]
  collapse library dir [/usr/lib/gcc/x86_64-pc-linux-gnu/11.2.0/../../../../lib] ==> [/usr/lib]
  collapse library dir [/lib/../lib] ==> [/lib]
  collapse library dir [/usr/lib/../lib] ==> [/usr/lib]
  collapse library dir [/usr/lib/gcc/x86_64-pc-linux-gnu/11.2.0/../../..] ==> [/usr/lib]
  implicit libs: [gcc;gcc_s;c;gcc;gcc_s]
  implicit objs: [/usr/lib/Scrt1.o;/usr/lib/crti.o;/usr/lib/gcc/x86_64-pc-linux-gnu/11.2.0/crtbeginS.o;/usr/lib/gcc/x86_64-pc-linux-gnu/11.2.0/crtendS.o;/usr/lib/crtn.o]
  implicit dirs: [/usr/lib/gcc/x86_64-pc-linux-gnu/11.2.0;/usr/lib;/lib]
  implicit fwks: []


Detecting CXX compiler ABI info compiled with the following output:
Change Dir: /home/baran/Work/code/trekker/build/CMakeFiles/CMakeTmp

Run Build Command(s):/usr/bin/ninja cmTC_dc0c5 && [1/2] Building CXX object CMakeFiles/cmTC_dc0c5.dir/CMakeCXXCompilerABI.cpp.o
Using built-in specs.
COLLECT_GCC=/opt/cuda/bin/g++
Target: x86_64-pc-linux-gnu
Configured with: /build/gcc/src/gcc/configure --enable-languages=c,c++,ada,fortran,go,lto,objc,obj-c++,d --enable-bootstrap --prefix=/usr --libdir=/usr/lib --libexecdir=/usr/lib --mandir=/usr/share/man --infodir=/usr/share/info --with-bugurl=https://bugs.archlinux.org/ --with-linker-hash-style=gnu --with-system-zlib --enable-__cxa_atexit --enable-cet=auto --enable-checking=release --enable-clocale=gnu --enable-default-pie --enable-default-ssp --enable-gnu-indirect-function --enable-gnu-unique-object --enable-linker-build-id --enable-lto --enable-multilib --enable-plugin --enable-shared --enable-threads=posix --disable-libssp --disable-libstdcxx-pch --disable-werror --with-build-config=bootstrap-lto --enable-link-serialization=1 gdc_include_dir=/usr/include/dlang/gdc
Thread model: posix
Supported LTO compression algorithms: zlib zstd
gcc version 11.2.0 (GCC) 
COLLECT_GCC_OPTIONS='-v' '-o' 'CMakeFiles/cmTC_dc0c5.dir/CMakeCXXCompilerABI.cpp.o' '-c' '-shared-libgcc' '-mtune=generic' '-march=x86-64' '-dumpdir' 'CMakeFiles/cmTC_dc0c5.dir/'
 /usr/lib/gcc/x86_64-pc-linux-gnu/11.2.0/cc1plus -quiet -v -D_GNU_SOURCE /usr/share/cmake/Modules/CMakeCXXCompilerABI.cpp -quiet -dumpdir CMakeFiles/cmTC_dc0c5.dir/ -dumpbase CMakeCXXCompilerABI.cpp.cpp -dumpbase-ext .cpp -mtune=generic -march=x86-64 -version -o /tmp/cce7Okgp.s
GNU C++17 (GCC) version 11.2.0 (x86_64-pc-linux-gnu)
	compiled by GNU C version 11.2.0, GMP version 6.2.1, MPFR version 4.1.0-p13, MPC version 1.2.1, isl version isl-0.24-GMP

GGC heuristics: --param ggc-min-expand=100 --param ggc-min-heapsize=131072
ignoring nonexistent directory "/usr/lib/gcc/x86_64-pc-linux-gnu/11.2.0/../../../../x86_64-pc-linux-gnu/include"
#include "..." search starts here:
#include <...> search starts here:
 /usr/lib/gcc/x86_64-pc-linux-gnu/11.2.0/../../../../include/c++/11.2.0
 /usr/lib/gcc/x86_64-pc-linux-gnu/11.2.0/../../../../include/c++/11.2.0/x86_64-pc-linux-gnu
 /usr/lib/gcc/x86_64-pc-linux-gnu/11.2.0/../../../../include/c++/11.2.0/backward
 /usr/lib/gcc/x86_64-pc-linux-gnu/11.2.0/include
 /usr/local/include
 /usr/lib/gcc/x86_64-pc-linux-gnu/11.2.0/include-fixed
 /usr/include
End of search list.
GNU C++17 (GCC) version 11.2.0 (x86_64-pc-linux-gnu)
	compiled by GNU C version 11.2.0, GMP version 6.2.1, MPFR version 4.1.0-p13, MPC version 1.2.1, isl version isl-0.24-GMP

GGC heuristics: --param ggc-min-expand=100 --param ggc-min-heapsize=131072
Compiler executable checksum: 37973183ac4df241cfcce263334987c1
COLLECT_GCC_OPTIONS='-v' '-o' 'CMakeFiles/cmTC_dc0c5.dir/CMakeCXXCompilerABI.cpp.o' '-c' '-shared-libgcc' '-mtune=generic' '-march=x86-64' '-dumpdir' 'CMakeFiles/cmTC_dc0c5.dir/'
 as -v --64 -o CMakeFiles/cmTC_dc0c5.dir/CMakeCXXCompilerABI.cpp.o /tmp/cce7Okgp.s
GNU assembler version 2.38 (x86_64-pc-linux-gnu) using BFD version (GNU Binutils) 2.38
COMPILER_PATH=/usr/lib/gcc/x86_64-pc-linux-gnu/11.2.0/:/usr/lib/gcc/x86_64-pc-linux-gnu/11.2.0/:/usr/lib/gcc/x86_64-pc-linux-gnu/:/usr/lib/gcc/x86_64-pc-linux-gnu/11.2.0/:/usr/lib/gcc/x86_64-pc-linux-gnu/
LIBRARY_PATH=/usr/lib/gcc/x86_64-pc-linux-gnu/11.2.0/:/usr/lib/gcc/x86_64-pc-linux-gnu/11.2.0/../../../../lib/:/lib/../lib/:/usr/lib/../lib/:/usr/lib/gcc/x86_64-pc-linux-gnu/11.2.0/../../../:/lib/:/usr/lib/
COLLECT_GCC_OPTIONS='-v' '-o' 'CMakeFiles/cmTC_dc0c5.dir/CMakeCXXCompilerABI.cpp.o' '-c' '-shared-libgcc' '-mtune=generic' '-march=x86-64' '-dumpdir' 'CMakeFiles/cmTC_dc0c5.dir/CMakeCXXCompilerABI.cpp.'
[2/2] Linking CXX executable cmTC_dc0c5
Using built-in specs.
COLLECT_GCC=/opt/cuda/bin/g++
COLLECT_LTO_WRAPPER=/usr/lib/gcc/x86_64-pc-linux-gnu/11.2.0/lto-wrapper
Target: x86_64-pc-linux-gnu
Configured with: /build/gcc/src/gcc/configure --enable-languages=c,c++,ada,fortran,go,lto,objc,obj-c++,d --enable-bootstrap --prefix=/usr --libdir=/usr/lib --libexecdir=/usr/lib --mandir=/usr/share/man --infodir=/usr/share/info --with-bugurl=https://bugs.archlinux.org/ --with-linker-hash-style=gnu --with-system-zlib --enable-__cxa_atexit --enable-cet=auto --enable-checking=release --enable-clocale=gnu --enable-default-pie --enable-default-ssp --enable-gnu-indirect-function --enable-gnu-unique-object --enable-linker-build-id --enable-lto --enable-multilib --enable-plugin --enable-shared --enable-threads=posix --disable-libssp --disable-libstdcxx-pch --disable-werror --with-build-config=bootstrap-lto --enable-link-serialization=1 gdc_include_dir=/usr/include/dlang/gdc
Thread model: posix
Supported LTO compression algorithms: zlib zstd
gcc version 11.2.0 (GCC) 
COMPILER_PATH=/usr/lib/gcc/x86_64-pc-linux-gnu/11.2.0/:/usr/lib/gcc/x86_64-pc-linux-gnu/11.2.0/:/usr/lib/gcc/x86_64-pc-linux-gnu/:/usr/lib/gcc/x86_64-pc-linux-gnu/11.2.0/:/usr/lib/gcc/x86_64-pc-linux-gnu/
LIBRARY_PATH=/usr/lib/gcc/x86_64-pc-linux-gnu/11.2.0/:/usr/lib/gcc/x86_64-pc-linux-gnu/11.2.0/../../../../lib/:/lib/../lib/:/usr/lib/../lib/:/usr/lib/gcc/x86_64-pc-linux-gnu/11.2.0/../../../:/lib/:/usr/lib/
COLLECT_GCC_OPTIONS='-v' '-o' 'cmTC_dc0c5' '-shared-libgcc' '-mtune=generic' '-march=x86-64' '-dumpdir' 'cmTC_dc0c5.'
 /usr/lib/gcc/x86_64-pc-linux-gnu/11.2.0/collect2 -plugin /usr/lib/gcc/x86_64-pc-linux-gnu/11.2.0/liblto_plugin.so -plugin-opt=/usr/lib/gcc/x86_64-pc-linux-gnu/11.2.0/lto-wrapper -plugin-opt=-fresolution=/tmp/ccCNaHCu.res -plugin-opt=-pass-through=-lgcc_s -plugin-opt=-pass-through=-lgcc -plugin-opt=-pass-through=-lc -plugin-opt=-pass-through=-lgcc_s -plugin-opt=-pass-through=-lgcc --build-id --eh-frame-hdr --hash-style=gnu -m elf_x86_64 -dynamic-linker /lib64/ld-linux-x86-64.so.2 -pie -o cmTC_dc0c5 /usr/lib/gcc/x86_64-pc-linux-gnu/11.2.0/../../../../lib/Scrt1.o /usr/lib/gcc/x86_64-pc-linux-gnu/11.2.0/../../../../lib/crti.o /usr/lib/gcc/x86_64-pc-linux-gnu/11.2.0/crtbeginS.o -L/usr/lib/gcc/x86_64-pc-linux-gnu/11.2.0 -L/usr/lib/gcc/x86_64-pc-linux-gnu/11.2.0/../../../../lib -L/lib/../lib -L/usr/lib/../lib -L/usr/lib/gcc/x86_64-pc-linux-gnu/11.2.0/../../.. CMakeFiles/cmTC_dc0c5.dir/CMakeCXXCompilerABI.cpp.o -lstdc++ -lm -lgcc_s -lgcc -lc -lgcc_s -lgcc /usr/lib/gcc/x86_64-pc-linux-gnu/11.2.0/crtendS.o /usr/lib/gcc/x86_64-pc-linux-gnu/11.2.0/../../../../lib/crtn.o
COLLECT_GCC_OPTIONS='-v' '-o' 'cmTC_dc0c5' '-shared-libgcc' '-mtune=generic' '-march=x86-64' '-dumpdir' 'cmTC_dc0c5.'



Parsed CXX implicit include dir info from above output: rv=done
  found start of include info
  found start of implicit include info
    add: [/usr/lib/gcc/x86_64-pc-linux-gnu/11.2.0/../../../../include/c++/11.2.0]
    add: [/usr/lib/gcc/x86_64-pc-linux-gnu/11.2.0/../../../../include/c++/11.2.0/x86_64-pc-linux-gnu]
    add: [/usr/lib/gcc/x86_64-pc-linux-gnu/11.2.0/../../../../include/c++/11.2.0/backward]
    add: [/usr/lib/gcc/x86_64-pc-linux-gnu/11.2.0/include]
    add: [/usr/local/include]
    add: [/usr/lib/gcc/x86_64-pc-linux-gnu/11.2.0/include-fixed]
    add: [/usr/include]
  end of search list found
  collapse include dir [/usr/lib/gcc/x86_64-pc-linux-gnu/11.2.0/../../../../include/c++/11.2.0] ==> [/usr/include/c++/11.2.0]
  collapse include dir [/usr/lib/gcc/x86_64-pc-linux-gnu/11.2.0/../../../../include/c++/11.2.0/x86_64-pc-linux-gnu] ==> [/usr/include/c++/11.2.0/x86_64-pc-linux-gnu]
  collapse include dir [/usr/lib/gcc/x86_64-pc-linux-gnu/11.2.0/../../../../include/c++/11.2.0/backward] ==> [/usr/include/c++/11.2.0/backward]
  collapse include dir [/usr/lib/gcc/x86_64-pc-linux-gnu/11.2.0/include] ==> [/usr/lib/gcc/x86_64-pc-linux-gnu/11.2.0/include]
  collapse include dir [/usr/local/include] ==> [/usr/local/include]
  collapse include dir [/usr/lib/gcc/x86_64-pc-linux-gnu/11.2.0/include-fixed] ==> [/usr/lib/gcc/x86_64-pc-linux-gnu/11.2.0/include-fixed]
  collapse include dir [/usr/include] ==> [/usr/include]
  implicit include dirs: [/usr/include/c++/11.2.0;/usr/include/c++/11.2.0/x86_64-pc-linux-gnu;/usr/include/c++/11.2.0/backward;/usr/lib/gcc/x86_64-pc-linux-gnu/11.2.0/include;/usr/local/include;/usr/lib/gcc/x86_64-pc-linux-gnu/11.2.0/include-fixed;/usr/include]


Parsed CXX implicit link information from above output:
  link line regex: [^( *|.*[/\])(ld|CMAKE_LINK_STARTFILE-NOTFOUND|([^/\]+-)?ld|collect2)[^/\]*( |$)]
  ignore line: [Change Dir: /home/baran/Work/code/trekker/build/CMakeFiles/CMakeTmp]
  ignore line: []
  ignore line: [Run Build Command(s):/usr/bin/ninja cmTC_dc0c5 && [1/2] Building CXX object CMakeFiles/cmTC_dc0c5.dir/CMakeCXXCompilerABI.cpp.o]
  ignore line: [Using built-in specs.]
  ignore line: [COLLECT_GCC=/opt/cuda/bin/g++]
  ignore line: [Target: x86_64-pc-linux-gnu]
  ignore line: [Configured with: /build/gcc/src/gcc/configure --enable-languages=c c++ ada fortran go lto objc obj-c++ d --enable-bootstrap --prefix=/usr --libdir=/usr/lib --libexecdir=/usr/lib --mandir=/usr/share/man --infodir=/usr/share/info --with-bugurl=https://bugs.archlinux.org/ --with-linker-hash-style=gnu --with-system-zlib --enable-__cxa_atexit --enable-cet=auto --enable-checking=release --enable-clocale=gnu --enable-default-pie --enable-default-ssp --enable-gnu-indirect-function --enable-gnu-unique-object --enable-linker-build-id --enable-lto --enable-multilib --enable-plugin --enable-shared --enable-threads=posix --disable-libssp --disable-libstdcxx-pch --disable-werror --with-build-config=bootstrap-lto --enable-link-serialization=1 gdc_include_dir=/usr/include/dlang/gdc]
  ignore line: [Thread model: posix]
  ignore line: [Supported LTO compression algorithms: zlib zstd]
  ignore line: [gcc version 11.2.0 (GCC) ]
  ignore line: [COLLECT_GCC_OPTIONS='-v' '-o' 'CMakeFiles/cmTC_dc0c5.dir/CMakeCXXCompilerABI.cpp.o' '-c' '-shared-libgcc' '-mtune=generic' '-march=x86-64' '-dumpdir' 'CMakeFiles/cmTC_dc0c5.dir/']
  ignore line: [ /usr/lib/gcc/x86_64-pc-linux-gnu/11.2.0/cc1plus -quiet -v -D_GNU_SOURCE /usr/share/cmake/Modules/CMakeCXXCompilerABI.cpp -quiet -dumpdir CMakeFiles/cmTC_dc0c5.dir/ -dumpbase CMakeCXXCompilerABI.cpp.cpp -dumpbase-ext .cpp -mtune=generic -march=x86-64 -version -o /tmp/cce7Okgp.s]
  ignore line: [GNU C++17 (GCC) version 11.2.0 (x86_64-pc-linux-gnu)]
  ignore line: [	compiled by GNU C version 11.2.0  GMP version 6.2.1  MPFR version 4.1.0-p13  MPC version 1.2.1  isl version isl-0.24-GMP]
  ignore line: []
  ignore line: [GGC heuristics: --param ggc-min-expand=100 --param ggc-min-heapsize=131072]
  ignore line: [ignoring nonexistent directory "/usr/lib/gcc/x86_64-pc-linux-gnu/11.2.0/../../../../x86_64-pc-linux-gnu/include"]
  ignore line: [#include "..." search starts here:]
  ignore line: [#include <...> search starts here:]
  ignore line: [ /usr/lib/gcc/x86_64-pc-linux-gnu/11.2.0/../../../../include/c++/11.2.0]
  ignore line: [ /usr/lib/gcc/x86_64-pc-linux-gnu/11.2.0/../../../../include/c++/11.2.0/x86_64-pc-linux-gnu]
  ignore line: [ /usr/lib/gcc/x86_64-pc-linux-gnu/11.2.0/../../../../include/c++/11.2.0/backward]
  ignore line: [ /usr/lib/gcc/x86_64-pc-linux-gnu/11.2.0/include]
  ignore line: [ /usr/local/include]
  ignore line: [ /usr/lib/gcc/x86_64-pc-linux-gnu/11.2.0/include-fixed]
  ignore line: [ /usr/include]
  ignore line: [End of search list.]
  ignore line: [GNU C++17 (GCC) version 11.2.0 (x86_64-pc-linux-gnu)]
  ignore line: [	compiled by GNU C version 11.2.0  GMP version 6.2.1  MPFR version 4.1.0-p13  MPC version 1.2.1  isl version isl-0.24-GMP]
  ignore line: []
  ignore line: [GGC heuristics: --param ggc-min-expand=100 --param ggc-min-heapsize=131072]
  ignore line: [Compiler executable checksum: 37973183ac4df241cfcce263334987c1]
  ignore line: [COLLECT_GCC_OPTIONS='-v' '-o' 'CMakeFiles/cmTC_dc0c5.dir/CMakeCXXCompilerABI.cpp.o' '-c' '-shared-libgcc' '-mtune=generic' '-march=x86-64' '-dumpdir' 'CMakeFiles/cmTC_dc0c5.dir/']
  ignore line: [ as -v --64 -o CMakeFiles/cmTC_dc0c5.dir/CMakeCXXCompilerABI.cpp.o /tmp/cce7Okgp.s]
  ignore line: [GNU assembler version 2.38 (x86_64-pc-linux-gnu) using BFD version (GNU Binutils) 2.38]
  ignore line: [COMPILER_PATH=/usr/lib/gcc/x86_64-pc-linux-gnu/11.2.0/:/usr/lib/gcc/x86_64-pc-linux-gnu/11.2.0/:/usr/lib/gcc/x86_64-pc-linux-gnu/:/usr/lib/gcc/x86_64-pc-linux-gnu/11.2.0/:/usr/lib/gcc/x86_64-pc-linux-gnu/]
  ignore line: [LIBRARY_PATH=/usr/lib/gcc/x86_64-pc-linux-gnu/11.2.0/:/usr/lib/gcc/x86_64-pc-linux-gnu/11.2.0/../../../../lib/:/lib/../lib/:/usr/lib/../lib/:/usr/lib/gcc/x86_64-pc-linux-gnu/11.2.0/../../../:/lib/:/usr/lib/]
  ignore line: [COLLECT_GCC_OPTIONS='-v' '-o' 'CMakeFiles/cmTC_dc0c5.dir/CMakeCXXCompilerABI.cpp.o' '-c' '-shared-libgcc' '-mtune=generic' '-march=x86-64' '-dumpdir' 'CMakeFiles/cmTC_dc0c5.dir/CMakeCXXCompilerABI.cpp.']
  ignore line: [[2/2] Linking CXX executable cmTC_dc0c5]
  ignore line: [Using built-in specs.]
  ignore line: [COLLECT_GCC=/opt/cuda/bin/g++]
  ignore line: [COLLECT_LTO_WRAPPER=/usr/lib/gcc/x86_64-pc-linux-gnu/11.2.0/lto-wrapper]
  ignore line: [Target: x86_64-pc-linux-gnu]
  ignore line: [Configured with: /build/gcc/src/gcc/configure --enable-languages=c c++ ada fortran go lto objc obj-c++ d --enable-bootstrap --prefix=/usr --libdir=/usr/lib --libexecdir=/usr/lib --mandir=/usr/share/man --infodir=/usr/share/info --with-bugurl=https://bugs.archlinux.org/ --with-linker-hash-style=gnu --with-system-zlib --enable-__cxa_atexit --enable-cet=auto --enable-checking=release --enable-clocale=gnu --enable-default-pie --enable-default-ssp --enable-gnu-indirect-function --enable-gnu-unique-object --enable-linker-build-id --enable-lto --enable-multilib --enable-plugin --enable-shared --enable-threads=posix --disable-libssp --disable-libstdcxx-pch --disable-werror --with-build-config=bootstrap-lto --enable-link-serialization=1 gdc_include_dir=/usr/include/dlang/gdc]
  ignore line: [Thread model: posix]
  ignore line: [Supported LTO compression algorithms: zlib zstd]
  ignore line: [gcc version 11.2.0 (GCC) ]
  ignore line: [COMPILER_PATH=/usr/lib/gcc/x86_64-pc-linux-gnu/11.2.0/:/usr/lib/gcc/x86_64-pc-linux-gnu/11.2.0/:/usr/lib/gcc/x86_64-pc-linux-gnu/:/usr/lib/gcc/x86_64-pc-linux-gnu/11.2.0/:/usr/lib/gcc/x86_64-pc-linux-gnu/]
  ignore line: [LIBRARY_PATH=/usr/lib/gcc/x86_64-pc-linux-gnu/11.2.0/:/usr/lib/gcc/x86_64-pc-linux-gnu/11.2.0/../../../../lib/:/lib/../lib/:/usr/lib/../lib/:/usr/lib/gcc/x86_64-pc-linux-gnu/11.2.0/../../../:/lib/:/usr/lib/]
  ignore line: [COLLECT_GCC_OPTIONS='-v' '-o' 'cmTC_dc0c5' '-shared-libgcc' '-mtune=generic' '-march=x86-64' '-dumpdir' 'cmTC_dc0c5.']
  link line: [ /usr/lib/gcc/x86_64-pc-linux-gnu/11.2.0/collect2 -plugin /usr/lib/gcc/x86_64-pc-linux-gnu/11.2.0/liblto_plugin.so -plugin-opt=/usr/lib/gcc/x86_64-pc-linux-gnu/11.2.0/lto-wrapper -plugin-opt=-fresolution=/tmp/ccCNaHCu.res -plugin-opt=-pass-through=-lgcc_s -plugin-opt=-pass-through=-lgcc -plugin-opt=-pass-through=-lc -plugin-opt=-pass-through=-lgcc_s -plugin-opt=-pass-through=-lgcc --build-id --eh-frame-hdr --hash-style=gnu -m elf_x86_64 -dynamic-linker /lib64/ld-linux-x86-64.so.2 -pie -o cmTC_dc0c5 /usr/lib/gcc/x86_64-pc-linux-gnu/11.2.0/../../../../lib/Scrt1.o /usr/lib/gcc/x86_64-pc-linux-gnu/11.2.0/../../../../lib/crti.o /usr/lib/gcc/x86_64-pc-linux-gnu/11.2.0/crtbeginS.o -L/usr/lib/gcc/x86_64-pc-linux-gnu/11.2.0 -L/usr/lib/gcc/x86_64-pc-linux-gnu/11.2.0/../../../../lib -L/lib/../lib -L/usr/lib/../lib -L/usr/lib/gcc/x86_64-pc-linux-gnu/11.2.0/../../.. CMakeFiles/cmTC_dc0c5.dir/CMakeCXXCompilerABI.cpp.o -lstdc++ -lm -lgcc_s -lgcc -lc -lgcc_s -lgcc /usr/lib/gcc/x86_64-pc-linux-gnu/11.2.0/crtendS.o /usr/lib/gcc/x86_64-pc-linux-gnu/11.2.0/../../../../lib/crtn.o]
    arg [/usr/lib/gcc/x86_64-pc-linux-gnu/11.2.0/collect2] ==> ignore
    arg [-plugin] ==> ignore
    arg [/usr/lib/gcc/x86_64-pc-linux-gnu/11.2.0/liblto_plugin.so] ==> ignore
    arg [-plugin-opt=/usr/lib/gcc/x86_64-pc-linux-gnu/11.2.0/lto-wrapper] ==> ignore
    arg [-plugin-opt=-fresolution=/tmp/ccCNaHCu.res] ==> ignore
    arg [-plugin-opt=-pass-through=-lgcc_s] ==> ignore
    arg [-plugin-opt=-pass-through=-lgcc] ==> ignore
    arg [-plugin-opt=-pass-through=-lc] ==> ignore
    arg [-plugin-opt=-pass-through=-lgcc_s] ==> ignore
    arg [-plugin-opt=-pass-through=-lgcc] ==> ignore
    arg [--build-id] ==> ignore
    arg [--eh-frame-hdr] ==> ignore
    arg [--hash-style=gnu] ==> ignore
    arg [-m] ==> ignore
    arg [elf_x86_64] ==> ignore
    arg [-dynamic-linker] ==> ignore
    arg [/lib64/ld-linux-x86-64.so.2] ==> ignore
    arg [-pie] ==> ignore
    arg [-o] ==> ignore
    arg [cmTC_dc0c5] ==> ignore
    arg [/usr/lib/gcc/x86_64-pc-linux-gnu/11.2.0/../../../../lib/Scrt1.o] ==> obj [/usr/lib/gcc/x86_64-pc-linux-gnu/11.2.0/../../../../lib/Scrt1.o]
    arg [/usr/lib/gcc/x86_64-pc-linux-gnu/11.2.0/../../../../lib/crti.o] ==> obj [/usr/lib/gcc/x86_64-pc-linux-gnu/11.2.0/../../../../lib/crti.o]
    arg [/usr/lib/gcc/x86_64-pc-linux-gnu/11.2.0/crtbeginS.o] ==> obj [/usr/lib/gcc/x86_64-pc-linux-gnu/11.2.0/crtbeginS.o]
    arg [-L/usr/lib/gcc/x86_64-pc-linux-gnu/11.2.0] ==> dir [/usr/lib/gcc/x86_64-pc-linux-gnu/11.2.0]
    arg [-L/usr/lib/gcc/x86_64-pc-linux-gnu/11.2.0/../../../../lib] ==> dir [/usr/lib/gcc/x86_64-pc-linux-gnu/11.2.0/../../../../lib]
    arg [-L/lib/../lib] ==> dir [/lib/../lib]
    arg [-L/usr/lib/../lib] ==> dir [/usr/lib/../lib]
    arg [-L/usr/lib/gcc/x86_64-pc-linux-gnu/11.2.0/../../..] ==> dir [/usr/lib/gcc/x86_64-pc-linux-gnu/11.2.0/../../..]
    arg [CMakeFiles/cmTC_dc0c5.dir/CMakeCXXCompilerABI.cpp.o] ==> ignore
    arg [-lstdc++] ==> lib [stdc++]
    arg [-lm] ==> lib [m]
    arg [-lgcc_s] ==> lib [gcc_s]
    arg [-lgcc] ==> lib [gcc]
    arg [-lc] ==> lib [c]
    arg [-lgcc_s] ==> lib [gcc_s]
    arg [-lgcc] ==> lib [gcc]
    arg [/usr/lib/gcc/x86_64-pc-linux-gnu/11.2.0/crtendS.o] ==> obj [/usr/lib/gcc/x86_64-pc-linux-gnu/11.2.0/crtendS.o]
    arg [/usr/lib/gcc/x86_64-pc-linux-gnu/11.2.0/../../../../lib/crtn.o] ==> obj [/usr/lib/gcc/x86_64-pc-linux-gnu/11.2.0/../../../../lib/crtn.o]
  collapse obj [/usr/lib/gcc/x86_64-pc-linux-gnu/11.2.0/../../../../lib/Scrt1.o] ==> [/usr/lib/Scrt1.o]
  collapse obj [/usr/lib/gcc/x86_64-pc-linux-gnu/11.2.0/../../../../lib/crti.o] ==> [/usr/lib/crti.o]
  collapse obj [/usr/lib/gcc/x86_64-pc-linux-gnu/11.2.0/../../../../lib/crtn.o] ==> [/usr/lib/crtn.o]
  collapse library dir [/usr/lib/gcc/x86_64-pc-linux-gnu/11.2.0] ==> [/usr/lib/gcc/x86_64-pc-linux-gnu/11.2.0]
  collapse library dir [/usr/lib/gcc/x86_64-pc-linux-gnu/11.2.0/../../../../lib] ==> [/usr/lib]
  collapse library dir [/lib/../lib] ==> [/lib]
  collapse library dir [/usr/lib/../lib] ==> [/usr/lib]
  collapse library dir [/usr/lib/gcc/x86_64-pc-linux-gnu/11.2.0/../../..] ==> [/usr/lib]
  implicit libs: [stdc++;m;gcc_s;gcc;c;gcc_s;gcc]
  implicit objs: [/usr/lib/Scrt1.o;/usr/lib/crti.o;/usr/lib/gcc/x86_64-pc-linux-gnu/11.2.0/crtbeginS.o;/usr/lib/gcc/x86_64-pc-linux-gnu/11.2.0/crtendS.o;/usr/lib/crtn.o]
  implicit dirs: [/usr/lib/gcc/x86_64-pc-linux-gnu/11.2.0;/usr/lib;/lib]
  implicit fwks: []


The system is: Linux - 5.15.65-1-MANJARO - x86_64
Compiling the C compiler identification source file "CMakeCCompilerId.c" succeeded.
Compiler: /opt/cuda/bin/gcc 
Build flags: 
Id flags:  

The output was:
0


Compilation of the C compiler identification source "CMakeCCompilerId.c" produced "a.out"

The C compiler identification is GNU, found in "/home/baran/Work/code/trekker/build/CMakeFiles/3.24.1/CompilerIdC/a.out"

Compiling the CXX compiler identification source file "CMakeCXXCompilerId.cpp" succeeded.
Compiler: /opt/cuda/bin/g++ 
Build flags: 
Id flags:  

The output was:
0


Compilation of the CXX compiler identification source "CMakeCXXCompilerId.cpp" produced "a.out"

The CXX compiler identification is GNU, found in "/home/baran/Work/code/trekker/build/CMakeFiles/3.24.1/CompilerIdCXX/a.out"

Detecting C compiler ABI info compiled with the following output:
Change Dir: /home/baran/Work/code/trekker/build/CMakeFiles/CMakeTmp

Run Build Command(s):/usr/bin/ninja cmTC_2ccd4 && [1/2] Building C object CMakeFiles/cmTC_2ccd4.dir/CMakeCCompilerABI.c.o
Using built-in specs.
COLLECT_GCC=/opt/cuda/bin/gcc
Target: x86_64-pc-linux-gnu
Configured with: /var/tmp/pamac-build-baran/gcc6/src/gcc/configure --prefix=/usr --build=x86_64-pc-linux-gnu --libdir=/usr/lib --libexecdir=/usr/lib --mandir=/usr/share/man --infodir=/usr/share/info --with-bugurl=https://bugs.archlinux.org/ --enable-languages=c,c++,fortran,lto,java --with-isl --with-linker-hash-style=gnu --with-system-zlib --enable-__cxa_atexit --enable-build-format-warnings --enable-cet=auto --enable-checking=release --enable-clocale=gnu --enable-default-pie --enable-default-ssp --enable-gnu-indirect-function --enable-gnu-unique-object --disable-install-libiberty --enable-linker-build-id --enable-lto --disable-multilib --enable-plugin --enable-shared --enable-threads=posix --disable-libssp --disable-libstdcxx-pch --disable-libunwind-exceptions --disable-werror --enable-java-awt=gtk --with-java-home= --enable-libgcj-multifile --enable-version-specific-runtime-libs --enable-build-warnings --program-suffix=-6
Thread model: posix
gcc version 6.5.0 (GCC) 
COLLECT_GCC_OPTIONS='-v' '-o' 'CMakeFiles/cmTC_2ccd4.dir/CMakeCCompilerABI.c.o' '-c' '-mtune=generic' '-march=x86-64'
 /usr/lib/gcc/x86_64-pc-linux-gnu/6.5.0/cc1 -quiet -v /usr/share/cmake/Modules/CMakeCCompilerABI.c -quiet -dumpbase CMakeCCompilerABI.c -mtune=generic -march=x86-64 -auxbase-strip CMakeFiles/cmTC_2ccd4.dir/CMakeCCompilerABI.c.o -version -o /tmp/ccPMey7S.s
GNU C11 (GCC) version 6.5.0 (x86_64-pc-linux-gnu)
	compiled by GNU C version 6.5.0, GMP version 6.2.1, MPFR version 4.1.0-p13, MPC version 1.2.1, isl version 0.15
GGC heuristics: --param ggc-min-expand=100 --param ggc-min-heapsize=131072
ignoring nonexistent directory "/usr/lib/gcc/x86_64-pc-linux-gnu/6.5.0/../../../../x86_64-pc-linux-gnu/include"
#include "..." search starts here:
#include <...> search starts here:
 /usr/lib/gcc/x86_64-pc-linux-gnu/6.5.0/include
 /usr/local/include
 /usr/lib/gcc/x86_64-pc-linux-gnu/6.5.0/include-fixed
 /usr/include
End of search list.
GNU C11 (GCC) version 6.5.0 (x86_64-pc-linux-gnu)
	compiled by GNU C version 6.5.0, GMP version 6.2.1, MPFR version 4.1.0-p13, MPC version 1.2.1, isl version 0.15
GGC heuristics: --param ggc-min-expand=100 --param ggc-min-heapsize=131072
Compiler executable checksum: 4437bc5eba678e9f268552656df3b89e
COLLECT_GCC_OPTIONS='-v' '-o' 'CMakeFiles/cmTC_2ccd4.dir/CMakeCCompilerABI.c.o' '-c' '-mtune=generic' '-march=x86-64'
 as -v --64 -o CMakeFiles/cmTC_2ccd4.dir/CMakeCCompilerABI.c.o /tmp/ccPMey7S.s
GNU assembler version 2.39.0 (x86_64-pc-linux-gnu) using BFD version (GNU Binutils) 2.39.0
COMPILER_PATH=/usr/lib/gcc/x86_64-pc-linux-gnu/6.5.0/:/usr/lib/gcc/x86_64-pc-linux-gnu/6.5.0/:/usr/lib/gcc/x86_64-pc-linux-gnu/:/usr/lib/gcc/x86_64-pc-linux-gnu/6.5.0/:/usr/lib/gcc/x86_64-pc-linux-gnu/
LIBRARY_PATH=/usr/lib/gcc/x86_64-pc-linux-gnu/6.5.0/:/usr/lib/gcc/x86_64-pc-linux-gnu/6.5.0/../../../../lib/:/lib/../lib/:/usr/lib/../lib/:/usr/lib/gcc/x86_64-pc-linux-gnu/6.5.0/../../../:/lib/:/usr/lib/
COLLECT_GCC_OPTIONS='-v' '-o' 'CMakeFiles/cmTC_2ccd4.dir/CMakeCCompilerABI.c.o' '-c' '-mtune=generic' '-march=x86-64'
[2/2] Linking C executable cmTC_2ccd4
Using built-in specs.
COLLECT_GCC=/opt/cuda/bin/gcc
COLLECT_LTO_WRAPPER=/usr/lib/gcc/x86_64-pc-linux-gnu/6.5.0/lto-wrapper
Target: x86_64-pc-linux-gnu
Configured with: /var/tmp/pamac-build-baran/gcc6/src/gcc/configure --prefix=/usr --build=x86_64-pc-linux-gnu --libdir=/usr/lib --libexecdir=/usr/lib --mandir=/usr/share/man --infodir=/usr/share/info --with-bugurl=https://bugs.archlinux.org/ --enable-languages=c,c++,fortran,lto,java --with-isl --with-linker-hash-style=gnu --with-system-zlib --enable-__cxa_atexit --enable-build-format-warnings --enable-cet=auto --enable-checking=release --enable-clocale=gnu --enable-default-pie --enable-default-ssp --enable-gnu-indirect-function --enable-gnu-unique-object --disable-install-libiberty --enable-linker-build-id --enable-lto --disable-multilib --enable-plugin --enable-shared --enable-threads=posix --disable-libssp --disable-libstdcxx-pch --disable-libunwind-exceptions --disable-werror --enable-java-awt=gtk --with-java-home= --enable-libgcj-multifile --enable-version-specific-runtime-libs --enable-build-warnings --program-suffix=-6
Thread model: posix
gcc version 6.5.0 (GCC) 
COMPILER_PATH=/usr/lib/gcc/x86_64-pc-linux-gnu/6.5.0/:/usr/lib/gcc/x86_64-pc-linux-gnu/6.5.0/:/usr/lib/gcc/x86_64-pc-linux-gnu/:/usr/lib/gcc/x86_64-pc-linux-gnu/6.5.0/:/usr/lib/gcc/x86_64-pc-linux-gnu/
LIBRARY_PATH=/usr/lib/gcc/x86_64-pc-linux-gnu/6.5.0/:/usr/lib/gcc/x86_64-pc-linux-gnu/6.5.0/../../../../lib/:/lib/../lib/:/usr/lib/../lib/:/usr/lib/gcc/x86_64-pc-linux-gnu/6.5.0/../../../:/lib/:/usr/lib/
COLLECT_GCC_OPTIONS='-v' '-o' 'cmTC_2ccd4' '-mtune=generic' '-march=x86-64'
 ld -plugin /usr/lib/gcc/x86_64-pc-linux-gnu/6.5.0/liblto_plugin.so -plugin-opt=/usr/lib/gcc/x86_64-pc-linux-gnu/6.5.0/lto-wrapper -plugin-opt=-fresolution=/tmp/ccTlzKbf.res -plugin-opt=-pass-through=-lgcc -plugin-opt=-pass-through=-lgcc_s -plugin-opt=-pass-through=-lc -plugin-opt=-pass-through=-lgcc -plugin-opt=-pass-through=-lgcc_s --build-id --eh-frame-hdr --hash-style=gnu -m elf_x86_64 -dynamic-linker /lib64/ld-linux-x86-64.so.2 -pie -o cmTC_2ccd4 /usr/lib/gcc/x86_64-pc-linux-gnu/6.5.0/../../../../lib/Scrt1.o /usr/lib/gcc/x86_64-pc-linux-gnu/6.5.0/../../../../lib/crti.o /usr/lib/gcc/x86_64-pc-linux-gnu/6.5.0/crtbeginS.o -L/usr/lib/gcc/x86_64-pc-linux-gnu/6.5.0 -L/usr/lib/gcc/x86_64-pc-linux-gnu/6.5.0/../../../../lib -L/lib/../lib -L/usr/lib/../lib -L/usr/lib/gcc/x86_64-pc-linux-gnu/6.5.0/../../.. CMakeFiles/cmTC_2ccd4.dir/CMakeCCompilerABI.c.o -lgcc --as-needed -lgcc_s --no-as-needed -lc -lgcc --as-needed -lgcc_s --no-as-needed /usr/lib/gcc/x86_64-pc-linux-gnu/6.5.0/crtendS.o /usr/lib/gcc/x86_64-pc-linux-gnu/6.5.0/../../../../lib/crtn.o
COLLECT_GCC_OPTIONS='-v' '-o' 'cmTC_2ccd4' '-mtune=generic' '-march=x86-64'



Parsed C implicit include dir info from above output: rv=done
  found start of include info
  found start of implicit include info
    add: [/usr/lib/gcc/x86_64-pc-linux-gnu/6.5.0/include]
    add: [/usr/local/include]
    add: [/usr/lib/gcc/x86_64-pc-linux-gnu/6.5.0/include-fixed]
    add: [/usr/include]
  end of search list found
  collapse include dir [/usr/lib/gcc/x86_64-pc-linux-gnu/6.5.0/include] ==> [/usr/lib/gcc/x86_64-pc-linux-gnu/6.5.0/include]
  collapse include dir [/usr/local/include] ==> [/usr/local/include]
  collapse include dir [/usr/lib/gcc/x86_64-pc-linux-gnu/6.5.0/include-fixed] ==> [/usr/lib/gcc/x86_64-pc-linux-gnu/6.5.0/include-fixed]
  collapse include dir [/usr/include] ==> [/usr/include]
  implicit include dirs: [/usr/lib/gcc/x86_64-pc-linux-gnu/6.5.0/include;/usr/local/include;/usr/lib/gcc/x86_64-pc-linux-gnu/6.5.0/include-fixed;/usr/include]


Parsed C implicit link information from above output:
  link line regex: [^( *|.*[/\])(ld|CMAKE_LINK_STARTFILE-NOTFOUND|([^/\]+-)?ld|collect2)[^/\]*( |$)]
  ignore line: [Change Dir: /home/baran/Work/code/trekker/build/CMakeFiles/CMakeTmp]
  ignore line: []
  ignore line: [Run Build Command(s):/usr/bin/ninja cmTC_2ccd4 && [1/2] Building C object CMakeFiles/cmTC_2ccd4.dir/CMakeCCompilerABI.c.o]
  ignore line: [Using built-in specs.]
  ignore line: [COLLECT_GCC=/opt/cuda/bin/gcc]
  ignore line: [Target: x86_64-pc-linux-gnu]
  ignore line: [Configured with: /var/tmp/pamac-build-baran/gcc6/src/gcc/configure --prefix=/usr --build=x86_64-pc-linux-gnu --libdir=/usr/lib --libexecdir=/usr/lib --mandir=/usr/share/man --infodir=/usr/share/info --with-bugurl=https://bugs.archlinux.org/ --enable-languages=c c++ fortran lto java --with-isl --with-linker-hash-style=gnu --with-system-zlib --enable-__cxa_atexit --enable-build-format-warnings --enable-cet=auto --enable-checking=release --enable-clocale=gnu --enable-default-pie --enable-default-ssp --enable-gnu-indirect-function --enable-gnu-unique-object --disable-install-libiberty --enable-linker-build-id --enable-lto --disable-multilib --enable-plugin --enable-shared --enable-threads=posix --disable-libssp --disable-libstdcxx-pch --disable-libunwind-exceptions --disable-werror --enable-java-awt=gtk --with-java-home= --enable-libgcj-multifile --enable-version-specific-runtime-libs --enable-build-warnings --program-suffix=-6]
  ignore line: [Thread model: posix]
  ignore line: [gcc version 6.5.0 (GCC) ]
  ignore line: [COLLECT_GCC_OPTIONS='-v' '-o' 'CMakeFiles/cmTC_2ccd4.dir/CMakeCCompilerABI.c.o' '-c' '-mtune=generic' '-march=x86-64']
  ignore line: [ /usr/lib/gcc/x86_64-pc-linux-gnu/6.5.0/cc1 -quiet -v /usr/share/cmake/Modules/CMakeCCompilerABI.c -quiet -dumpbase CMakeCCompilerABI.c -mtune=generic -march=x86-64 -auxbase-strip CMakeFiles/cmTC_2ccd4.dir/CMakeCCompilerABI.c.o -version -o /tmp/ccPMey7S.s]
  ignore line: [GNU C11 (GCC) version 6.5.0 (x86_64-pc-linux-gnu)]
  ignore line: [	compiled by GNU C version 6.5.0  GMP version 6.2.1  MPFR version 4.1.0-p13  MPC version 1.2.1  isl version 0.15]
  ignore line: [GGC heuristics: --param ggc-min-expand=100 --param ggc-min-heapsize=131072]
  ignore line: [ignoring nonexistent directory "/usr/lib/gcc/x86_64-pc-linux-gnu/6.5.0/../../../../x86_64-pc-linux-gnu/include"]
  ignore line: [#include "..." search starts here:]
  ignore line: [#include <...> search starts here:]
  ignore line: [ /usr/lib/gcc/x86_64-pc-linux-gnu/6.5.0/include]
  ignore line: [ /usr/local/include]
  ignore line: [ /usr/lib/gcc/x86_64-pc-linux-gnu/6.5.0/include-fixed]
  ignore line: [ /usr/include]
  ignore line: [End of search list.]
  ignore line: [GNU C11 (GCC) version 6.5.0 (x86_64-pc-linux-gnu)]
  ignore line: [	compiled by GNU C version 6.5.0  GMP version 6.2.1  MPFR version 4.1.0-p13  MPC version 1.2.1  isl version 0.15]
  ignore line: [GGC heuristics: --param ggc-min-expand=100 --param ggc-min-heapsize=131072]
  ignore line: [Compiler executable checksum: 4437bc5eba678e9f268552656df3b89e]
  ignore line: [COLLECT_GCC_OPTIONS='-v' '-o' 'CMakeFiles/cmTC_2ccd4.dir/CMakeCCompilerABI.c.o' '-c' '-mtune=generic' '-march=x86-64']
  ignore line: [ as -v --64 -o CMakeFiles/cmTC_2ccd4.dir/CMakeCCompilerABI.c.o /tmp/ccPMey7S.s]
  ignore line: [GNU assembler version 2.39.0 (x86_64-pc-linux-gnu) using BFD version (GNU Binutils) 2.39.0]
  ignore line: [COMPILER_PATH=/usr/lib/gcc/x86_64-pc-linux-gnu/6.5.0/:/usr/lib/gcc/x86_64-pc-linux-gnu/6.5.0/:/usr/lib/gcc/x86_64-pc-linux-gnu/:/usr/lib/gcc/x86_64-pc-linux-gnu/6.5.0/:/usr/lib/gcc/x86_64-pc-linux-gnu/]
  ignore line: [LIBRARY_PATH=/usr/lib/gcc/x86_64-pc-linux-gnu/6.5.0/:/usr/lib/gcc/x86_64-pc-linux-gnu/6.5.0/../../../../lib/:/lib/../lib/:/usr/lib/../lib/:/usr/lib/gcc/x86_64-pc-linux-gnu/6.5.0/../../../:/lib/:/usr/lib/]
  ignore line: [COLLECT_GCC_OPTIONS='-v' '-o' 'CMakeFiles/cmTC_2ccd4.dir/CMakeCCompilerABI.c.o' '-c' '-mtune=generic' '-march=x86-64']
  ignore line: [[2/2] Linking C executable cmTC_2ccd4]
  ignore line: [Using built-in specs.]
  ignore line: [COLLECT_GCC=/opt/cuda/bin/gcc]
  ignore line: [COLLECT_LTO_WRAPPER=/usr/lib/gcc/x86_64-pc-linux-gnu/6.5.0/lto-wrapper]
  ignore line: [Target: x86_64-pc-linux-gnu]
  ignore line: [Configured with: /var/tmp/pamac-build-baran/gcc6/src/gcc/configure --prefix=/usr --build=x86_64-pc-linux-gnu --libdir=/usr/lib --libexecdir=/usr/lib --mandir=/usr/share/man --infodir=/usr/share/info --with-bugurl=https://bugs.archlinux.org/ --enable-languages=c c++ fortran lto java --with-isl --with-linker-hash-style=gnu --with-system-zlib --enable-__cxa_atexit --enable-build-format-warnings --enable-cet=auto --enable-checking=release --enable-clocale=gnu --enable-default-pie --enable-default-ssp --enable-gnu-indirect-function --enable-gnu-unique-object --disable-install-libiberty --enable-linker-build-id --enable-lto --disable-multilib --enable-plugin --enable-shared --enable-threads=posix --disable-libssp --disable-libstdcxx-pch --disable-libunwind-exceptions --disable-werror --enable-java-awt=gtk --with-java-home= --enable-libgcj-multifile --enable-version-specific-runtime-libs --enable-build-warnings --program-suffix=-6]
  ignore line: [Thread model: posix]
  ignore line: [gcc version 6.5.0 (GCC) ]
  ignore line: [COMPILER_PATH=/usr/lib/gcc/x86_64-pc-linux-gnu/6.5.0/:/usr/lib/gcc/x86_64-pc-linux-gnu/6.5.0/:/usr/lib/gcc/x86_64-pc-linux-gnu/:/usr/lib/gcc/x86_64-pc-linux-gnu/6.5.0/:/usr/lib/gcc/x86_64-pc-linux-gnu/]
  ignore line: [LIBRARY_PATH=/usr/lib/gcc/x86_64-pc-linux-gnu/6.5.0/:/usr/lib/gcc/x86_64-pc-linux-gnu/6.5.0/../../../../lib/:/lib/../lib/:/usr/lib/../lib/:/usr/lib/gcc/x86_64-pc-linux-gnu/6.5.0/../../../:/lib/:/usr/lib/]
  ignore line: [COLLECT_GCC_OPTIONS='-v' '-o' 'cmTC_2ccd4' '-mtune=generic' '-march=x86-64']
  link line: [ ld -plugin /usr/lib/gcc/x86_64-pc-linux-gnu/6.5.0/liblto_plugin.so -plugin-opt=/usr/lib/gcc/x86_64-pc-linux-gnu/6.5.0/lto-wrapper -plugin-opt=-fresolution=/tmp/ccTlzKbf.res -plugin-opt=-pass-through=-lgcc -plugin-opt=-pass-through=-lgcc_s -plugin-opt=-pass-through=-lc -plugin-opt=-pass-through=-lgcc -plugin-opt=-pass-through=-lgcc_s --build-id --eh-frame-hdr --hash-style=gnu -m elf_x86_64 -dynamic-linker /lib64/ld-linux-x86-64.so.2 -pie -o cmTC_2ccd4 /usr/lib/gcc/x86_64-pc-linux-gnu/6.5.0/../../../../lib/Scrt1.o /usr/lib/gcc/x86_64-pc-linux-gnu/6.5.0/../../../../lib/crti.o /usr/lib/gcc/x86_64-pc-linux-gnu/6.5.0/crtbeginS.o -L/usr/lib/gcc/x86_64-pc-linux-gnu/6.5.0 -L/usr/lib/gcc/x86_64-pc-linux-gnu/6.5.0/../../../../lib -L/lib/../lib -L/usr/lib/../lib -L/usr/lib/gcc/x86_64-pc-linux-gnu/6.5.0/../../.. CMakeFiles/cmTC_2ccd4.dir/CMakeCCompilerABI.c.o -lgcc --as-needed -lgcc_s --no-as-needed -lc -lgcc --as-needed -lgcc_s --no-as-needed /usr/lib/gcc/x86_64-pc-linux-gnu/6.5.0/crtendS.o /usr/lib/gcc/x86_64-pc-linux-gnu/6.5.0/../../../../lib/crtn.o]
    arg [ld] ==> ignore
    arg [-plugin] ==> ignore
    arg [/usr/lib/gcc/x86_64-pc-linux-gnu/6.5.0/liblto_plugin.so] ==> ignore
    arg [-plugin-opt=/usr/lib/gcc/x86_64-pc-linux-gnu/6.5.0/lto-wrapper] ==> ignore
    arg [-plugin-opt=-fresolution=/tmp/ccTlzKbf.res] ==> ignore
    arg [-plugin-opt=-pass-through=-lgcc] ==> ignore
    arg [-plugin-opt=-pass-through=-lgcc_s] ==> ignore
    arg [-plugin-opt=-pass-through=-lc] ==> ignore
    arg [-plugin-opt=-pass-through=-lgcc] ==> ignore
    arg [-plugin-opt=-pass-through=-lgcc_s] ==> ignore
    arg [--build-id] ==> ignore
    arg [--eh-frame-hdr] ==> ignore
    arg [--hash-style=gnu] ==> ignore
    arg [-m] ==> ignore
    arg [elf_x86_64] ==> ignore
    arg [-dynamic-linker] ==> ignore
    arg [/lib64/ld-linux-x86-64.so.2] ==> ignore
    arg [-pie] ==> ignore
    arg [-o] ==> ignore
    arg [cmTC_2ccd4] ==> ignore
    arg [/usr/lib/gcc/x86_64-pc-linux-gnu/6.5.0/../../../../lib/Scrt1.o] ==> obj [/usr/lib/gcc/x86_64-pc-linux-gnu/6.5.0/../../../../lib/Scrt1.o]
    arg [/usr/lib/gcc/x86_64-pc-linux-gnu/6.5.0/../../../../lib/crti.o] ==> obj [/usr/lib/gcc/x86_64-pc-linux-gnu/6.5.0/../../../../lib/crti.o]
    arg [/usr/lib/gcc/x86_64-pc-linux-gnu/6.5.0/crtbeginS.o] ==> obj [/usr/lib/gcc/x86_64-pc-linux-gnu/6.5.0/crtbeginS.o]
    arg [-L/usr/lib/gcc/x86_64-pc-linux-gnu/6.5.0] ==> dir [/usr/lib/gcc/x86_64-pc-linux-gnu/6.5.0]
    arg [-L/usr/lib/gcc/x86_64-pc-linux-gnu/6.5.0/../../../../lib] ==> dir [/usr/lib/gcc/x86_64-pc-linux-gnu/6.5.0/../../../../lib]
    arg [-L/lib/../lib] ==> dir [/lib/../lib]
    arg [-L/usr/lib/../lib] ==> dir [/usr/lib/../lib]
    arg [-L/usr/lib/gcc/x86_64-pc-linux-gnu/6.5.0/../../..] ==> dir [/usr/lib/gcc/x86_64-pc-linux-gnu/6.5.0/../../..]
    arg [CMakeFiles/cmTC_2ccd4.dir/CMakeCCompilerABI.c.o] ==> ignore
    arg [-lgcc] ==> lib [gcc]
    arg [--as-needed] ==> ignore
    arg [-lgcc_s] ==> lib [gcc_s]
    arg [--no-as-needed] ==> ignore
    arg [-lc] ==> lib [c]
    arg [-lgcc] ==> lib [gcc]
    arg [--as-needed] ==> ignore
    arg [-lgcc_s] ==> lib [gcc_s]
    arg [--no-as-needed] ==> ignore
    arg [/usr/lib/gcc/x86_64-pc-linux-gnu/6.5.0/crtendS.o] ==> obj [/usr/lib/gcc/x86_64-pc-linux-gnu/6.5.0/crtendS.o]
    arg [/usr/lib/gcc/x86_64-pc-linux-gnu/6.5.0/../../../../lib/crtn.o] ==> obj [/usr/lib/gcc/x86_64-pc-linux-gnu/6.5.0/../../../../lib/crtn.o]
  collapse obj [/usr/lib/gcc/x86_64-pc-linux-gnu/6.5.0/../../../../lib/Scrt1.o] ==> [/usr/lib/Scrt1.o]
  collapse obj [/usr/lib/gcc/x86_64-pc-linux-gnu/6.5.0/../../../../lib/crti.o] ==> [/usr/lib/crti.o]
  collapse obj [/usr/lib/gcc/x86_64-pc-linux-gnu/6.5.0/../../../../lib/crtn.o] ==> [/usr/lib/crtn.o]
  collapse library dir [/usr/lib/gcc/x86_64-pc-linux-gnu/6.5.0] ==> [/usr/lib/gcc/x86_64-pc-linux-gnu/6.5.0]
  collapse library dir [/usr/lib/gcc/x86_64-pc-linux-gnu/6.5.0/../../../../lib] ==> [/usr/lib]
  collapse library dir [/lib/../lib] ==> [/lib]
  collapse library dir [/usr/lib/../lib] ==> [/usr/lib]
  collapse library dir [/usr/lib/gcc/x86_64-pc-linux-gnu/6.5.0/../../..] ==> [/usr/lib]
  implicit libs: [gcc;gcc_s;c;gcc;gcc_s]
  implicit objs: [/usr/lib/Scrt1.o;/usr/lib/crti.o;/usr/lib/gcc/x86_64-pc-linux-gnu/6.5.0/crtbeginS.o;/usr/lib/gcc/x86_64-pc-linux-gnu/6.5.0/crtendS.o;/usr/lib/crtn.o]
  implicit dirs: [/usr/lib/gcc/x86_64-pc-linux-gnu/6.5.0;/usr/lib;/lib]
  implicit fwks: []


Detecting CXX compiler ABI info compiled with the following output:
Change Dir: /home/baran/Work/code/trekker/build/CMakeFiles/CMakeTmp

Run Build Command(s):/usr/bin/ninja cmTC_a2c84 && [1/2] Building CXX object CMakeFiles/cmTC_a2c84.dir/CMakeCXXCompilerABI.cpp.o
Using built-in specs.
COLLECT_GCC=/opt/cuda/bin/g++
Target: x86_64-pc-linux-gnu
Configured with: /var/tmp/pamac-build-baran/gcc6/src/gcc/configure --prefix=/usr --build=x86_64-pc-linux-gnu --libdir=/usr/lib --libexecdir=/usr/lib --mandir=/usr/share/man --infodir=/usr/share/info --with-bugurl=https://bugs.archlinux.org/ --enable-languages=c,c++,fortran,lto,java --with-isl --with-linker-hash-style=gnu --with-system-zlib --enable-__cxa_atexit --enable-build-format-warnings --enable-cet=auto --enable-checking=release --enable-clocale=gnu --enable-default-pie --enable-default-ssp --enable-gnu-indirect-function --enable-gnu-unique-object --disable-install-libiberty --enable-linker-build-id --enable-lto --disable-multilib --enable-plugin --enable-shared --enable-threads=posix --disable-libssp --disable-libstdcxx-pch --disable-libunwind-exceptions --disable-werror --enable-java-awt=gtk --with-java-home= --enable-libgcj-multifile --enable-version-specific-runtime-libs --enable-build-warnings --program-suffix=-6
Thread model: posix
gcc version 6.5.0 (GCC) 
COLLECT_GCC_OPTIONS='-v' '-o' 'CMakeFiles/cmTC_a2c84.dir/CMakeCXXCompilerABI.cpp.o' '-c' '-shared-libgcc' '-mtune=generic' '-march=x86-64'
 /usr/lib/gcc/x86_64-pc-linux-gnu/6.5.0/cc1plus -quiet -v -D_GNU_SOURCE /usr/share/cmake/Modules/CMakeCXXCompilerABI.cpp -quiet -dumpbase CMakeCXXCompilerABI.cpp -mtune=generic -march=x86-64 -auxbase-strip CMakeFiles/cmTC_a2c84.dir/CMakeCXXCompilerABI.cpp.o -version -o /tmp/ccWsdCfK.s
GNU C++14 (GCC) version 6.5.0 (x86_64-pc-linux-gnu)
	compiled by GNU C version 6.5.0, GMP version 6.2.1, MPFR version 4.1.0-p13, MPC version 1.2.1, isl version 0.15
GGC heuristics: --param ggc-min-expand=100 --param ggc-min-heapsize=131072
ignoring nonexistent directory "/usr/lib/gcc/x86_64-pc-linux-gnu/6.5.0/../../../../x86_64-pc-linux-gnu/include"
#include "..." search starts here:
#include <...> search starts here:
 /usr/lib/gcc/x86_64-pc-linux-gnu/6.5.0/include/c++
 /usr/lib/gcc/x86_64-pc-linux-gnu/6.5.0/include/c++/x86_64-pc-linux-gnu
 /usr/lib/gcc/x86_64-pc-linux-gnu/6.5.0/include/c++/backward
 /usr/lib/gcc/x86_64-pc-linux-gnu/6.5.0/include
 /usr/local/include
 /usr/lib/gcc/x86_64-pc-linux-gnu/6.5.0/include-fixed
 /usr/include
End of search list.
GNU C++14 (GCC) version 6.5.0 (x86_64-pc-linux-gnu)
	compiled by GNU C version 6.5.0, GMP version 6.2.1, MPFR version 4.1.0-p13, MPC version 1.2.1, isl version 0.15
GGC heuristics: --param ggc-min-expand=100 --param ggc-min-heapsize=131072
Compiler executable checksum: 7633cfde68ccc596d24e553ed11d18f2
COLLECT_GCC_OPTIONS='-v' '-o' 'CMakeFiles/cmTC_a2c84.dir/CMakeCXXCompilerABI.cpp.o' '-c' '-shared-libgcc' '-mtune=generic' '-march=x86-64'
 as -v --64 -o CMakeFiles/cmTC_a2c84.dir/CMakeCXXCompilerABI.cpp.o /tmp/ccWsdCfK.s
GNU assembler version 2.39.0 (x86_64-pc-linux-gnu) using BFD version (GNU Binutils) 2.39.0
COMPILER_PATH=/usr/lib/gcc/x86_64-pc-linux-gnu/6.5.0/:/usr/lib/gcc/x86_64-pc-linux-gnu/6.5.0/:/usr/lib/gcc/x86_64-pc-linux-gnu/:/usr/lib/gcc/x86_64-pc-linux-gnu/6.5.0/:/usr/lib/gcc/x86_64-pc-linux-gnu/
LIBRARY_PATH=/usr/lib/gcc/x86_64-pc-linux-gnu/6.5.0/:/usr/lib/gcc/x86_64-pc-linux-gnu/6.5.0/../../../../lib/:/lib/../lib/:/usr/lib/../lib/:/usr/lib/gcc/x86_64-pc-linux-gnu/6.5.0/../../../:/lib/:/usr/lib/
COLLECT_GCC_OPTIONS='-v' '-o' 'CMakeFiles/cmTC_a2c84.dir/CMakeCXXCompilerABI.cpp.o' '-c' '-shared-libgcc' '-mtune=generic' '-march=x86-64'
[2/2] Linking CXX executable cmTC_a2c84
Using built-in specs.
COLLECT_GCC=/opt/cuda/bin/g++
COLLECT_LTO_WRAPPER=/usr/lib/gcc/x86_64-pc-linux-gnu/6.5.0/lto-wrapper
Target: x86_64-pc-linux-gnu
Configured with: /var/tmp/pamac-build-baran/gcc6/src/gcc/configure --prefix=/usr --build=x86_64-pc-linux-gnu --libdir=/usr/lib --libexecdir=/usr/lib --mandir=/usr/share/man --infodir=/usr/share/info --with-bugurl=https://bugs.archlinux.org/ --enable-languages=c,c++,fortran,lto,java --with-isl --with-linker-hash-style=gnu --with-system-zlib --enable-__cxa_atexit --enable-build-format-warnings --enable-cet=auto --enable-checking=release --enable-clocale=gnu --enable-default-pie --enable-default-ssp --enable-gnu-indirect-function --enable-gnu-unique-object --disable-install-libiberty --enable-linker-build-id --enable-lto --disable-multilib --enable-plugin --enable-shared --enable-threads=posix --disable-libssp --disable-libstdcxx-pch --disable-libunwind-exceptions --disable-werror --enable-java-awt=gtk --with-java-home= --enable-libgcj-multifile --enable-version-specific-runtime-libs --enable-build-warnings --program-suffix=-6
Thread model: posix
gcc version 6.5.0 (GCC) 
COMPILER_PATH=/usr/lib/gcc/x86_64-pc-linux-gnu/6.5.0/:/usr/lib/gcc/x86_64-pc-linux-gnu/6.5.0/:/usr/lib/gcc/x86_64-pc-linux-gnu/:/usr/lib/gcc/x86_64-pc-linux-gnu/6.5.0/:/usr/lib/gcc/x86_64-pc-linux-gnu/
LIBRARY_PATH=/usr/lib/gcc/x86_64-pc-linux-gnu/6.5.0/:/usr/lib/gcc/x86_64-pc-linux-gnu/6.5.0/../../../../lib/:/lib/../lib/:/usr/lib/../lib/:/usr/lib/gcc/x86_64-pc-linux-gnu/6.5.0/../../../:/lib/:/usr/lib/
COLLECT_GCC_OPTIONS='-v' '-o' 'cmTC_a2c84' '-shared-libgcc' '-mtune=generic' '-march=x86-64'
 ld -plugin /usr/lib/gcc/x86_64-pc-linux-gnu/6.5.0/liblto_plugin.so -plugin-opt=/usr/lib/gcc/x86_64-pc-linux-gnu/6.5.0/lto-wrapper -plugin-opt=-fresolution=/tmp/ccUybX1S.res -plugin-opt=-pass-through=-lgcc_s -plugin-opt=-pass-through=-lgcc -plugin-opt=-pass-through=-lc -plugin-opt=-pass-through=-lgcc_s -plugin-opt=-pass-through=-lgcc --build-id --eh-frame-hdr --hash-style=gnu -m elf_x86_64 -dynamic-linker /lib64/ld-linux-x86-64.so.2 -pie -o cmTC_a2c84 /usr/lib/gcc/x86_64-pc-linux-gnu/6.5.0/../../../../lib/Scrt1.o /usr/lib/gcc/x86_64-pc-linux-gnu/6.5.0/../../../../lib/crti.o /usr/lib/gcc/x86_64-pc-linux-gnu/6.5.0/crtbeginS.o -L/usr/lib/gcc/x86_64-pc-linux-gnu/6.5.0 -L/usr/lib/gcc/x86_64-pc-linux-gnu/6.5.0/../../../../lib -L/lib/../lib -L/usr/lib/../lib -L/usr/lib/gcc/x86_64-pc-linux-gnu/6.5.0/../../.. CMakeFiles/cmTC_a2c84.dir/CMakeCXXCompilerABI.cpp.o -lstdc++ -lm -lgcc_s -lgcc -lc -lgcc_s -lgcc /usr/lib/gcc/x86_64-pc-linux-gnu/6.5.0/crtendS.o /usr/lib/gcc/x86_64-pc-linux-gnu/6.5.0/../../../../lib/crtn.o
COLLECT_GCC_OPTIONS='-v' '-o' 'cmTC_a2c84' '-shared-libgcc' '-mtune=generic' '-march=x86-64'



Parsed CXX implicit include dir info from above output: rv=done
  found start of include info
  found start of implicit include info
    add: [/usr/lib/gcc/x86_64-pc-linux-gnu/6.5.0/include/c++]
    add: [/usr/lib/gcc/x86_64-pc-linux-gnu/6.5.0/include/c++/x86_64-pc-linux-gnu]
    add: [/usr/lib/gcc/x86_64-pc-linux-gnu/6.5.0/include/c++/backward]
    add: [/usr/lib/gcc/x86_64-pc-linux-gnu/6.5.0/include]
    add: [/usr/local/include]
    add: [/usr/lib/gcc/x86_64-pc-linux-gnu/6.5.0/include-fixed]
    add: [/usr/include]
  end of search list found
  collapse include dir [/usr/lib/gcc/x86_64-pc-linux-gnu/6.5.0/include/c++] ==> [/usr/lib/gcc/x86_64-pc-linux-gnu/6.5.0/include/c++]
  collapse include dir [/usr/lib/gcc/x86_64-pc-linux-gnu/6.5.0/include/c++/x86_64-pc-linux-gnu] ==> [/usr/lib/gcc/x86_64-pc-linux-gnu/6.5.0/include/c++/x86_64-pc-linux-gnu]
  collapse include dir [/usr/lib/gcc/x86_64-pc-linux-gnu/6.5.0/include/c++/backward] ==> [/usr/lib/gcc/x86_64-pc-linux-gnu/6.5.0/include/c++/backward]
  collapse include dir [/usr/lib/gcc/x86_64-pc-linux-gnu/6.5.0/include] ==> [/usr/lib/gcc/x86_64-pc-linux-gnu/6.5.0/include]
  collapse include dir [/usr/local/include] ==> [/usr/local/include]
  collapse include dir [/usr/lib/gcc/x86_64-pc-linux-gnu/6.5.0/include-fixed] ==> [/usr/lib/gcc/x86_64-pc-linux-gnu/6.5.0/include-fixed]
  collapse include dir [/usr/include] ==> [/usr/include]
  implicit include dirs: [/usr/lib/gcc/x86_64-pc-linux-gnu/6.5.0/include/c++;/usr/lib/gcc/x86_64-pc-linux-gnu/6.5.0/include/c++/x86_64-pc-linux-gnu;/usr/lib/gcc/x86_64-pc-linux-gnu/6.5.0/include/c++/backward;/usr/lib/gcc/x86_64-pc-linux-gnu/6.5.0/include;/usr/local/include;/usr/lib/gcc/x86_64-pc-linux-gnu/6.5.0/include-fixed;/usr/include]


Parsed CXX implicit link information from above output:
  link line regex: [^( *|.*[/\])(ld|CMAKE_LINK_STARTFILE-NOTFOUND|([^/\]+-)?ld|collect2)[^/\]*( |$)]
  ignore line: [Change Dir: /home/baran/Work/code/trekker/build/CMakeFiles/CMakeTmp]
  ignore line: []
  ignore line: [Run Build Command(s):/usr/bin/ninja cmTC_a2c84 && [1/2] Building CXX object CMakeFiles/cmTC_a2c84.dir/CMakeCXXCompilerABI.cpp.o]
  ignore line: [Using built-in specs.]
  ignore line: [COLLECT_GCC=/opt/cuda/bin/g++]
  ignore line: [Target: x86_64-pc-linux-gnu]
  ignore line: [Configured with: /var/tmp/pamac-build-baran/gcc6/src/gcc/configure --prefix=/usr --build=x86_64-pc-linux-gnu --libdir=/usr/lib --libexecdir=/usr/lib --mandir=/usr/share/man --infodir=/usr/share/info --with-bugurl=https://bugs.archlinux.org/ --enable-languages=c c++ fortran lto java --with-isl --with-linker-hash-style=gnu --with-system-zlib --enable-__cxa_atexit --enable-build-format-warnings --enable-cet=auto --enable-checking=release --enable-clocale=gnu --enable-default-pie --enable-default-ssp --enable-gnu-indirect-function --enable-gnu-unique-object --disable-install-libiberty --enable-linker-build-id --enable-lto --disable-multilib --enable-plugin --enable-shared --enable-threads=posix --disable-libssp --disable-libstdcxx-pch --disable-libunwind-exceptions --disable-werror --enable-java-awt=gtk --with-java-home= --enable-libgcj-multifile --enable-version-specific-runtime-libs --enable-build-warnings --program-suffix=-6]
  ignore line: [Thread model: posix]
  ignore line: [gcc version 6.5.0 (GCC) ]
  ignore line: [COLLECT_GCC_OPTIONS='-v' '-o' 'CMakeFiles/cmTC_a2c84.dir/CMakeCXXCompilerABI.cpp.o' '-c' '-shared-libgcc' '-mtune=generic' '-march=x86-64']
  ignore line: [ /usr/lib/gcc/x86_64-pc-linux-gnu/6.5.0/cc1plus -quiet -v -D_GNU_SOURCE /usr/share/cmake/Modules/CMakeCXXCompilerABI.cpp -quiet -dumpbase CMakeCXXCompilerABI.cpp -mtune=generic -march=x86-64 -auxbase-strip CMakeFiles/cmTC_a2c84.dir/CMakeCXXCompilerABI.cpp.o -version -o /tmp/ccWsdCfK.s]
  ignore line: [GNU C++14 (GCC) version 6.5.0 (x86_64-pc-linux-gnu)]
  ignore line: [	compiled by GNU C version 6.5.0  GMP version 6.2.1  MPFR version 4.1.0-p13  MPC version 1.2.1  isl version 0.15]
  ignore line: [GGC heuristics: --param ggc-min-expand=100 --param ggc-min-heapsize=131072]
  ignore line: [ignoring nonexistent directory "/usr/lib/gcc/x86_64-pc-linux-gnu/6.5.0/../../../../x86_64-pc-linux-gnu/include"]
  ignore line: [#include "..." search starts here:]
  ignore line: [#include <...> search starts here:]
  ignore line: [ /usr/lib/gcc/x86_64-pc-linux-gnu/6.5.0/include/c++]
  ignore line: [ /usr/lib/gcc/x86_64-pc-linux-gnu/6.5.0/include/c++/x86_64-pc-linux-gnu]
  ignore line: [ /usr/lib/gcc/x86_64-pc-linux-gnu/6.5.0/include/c++/backward]
  ignore line: [ /usr/lib/gcc/x86_64-pc-linux-gnu/6.5.0/include]
  ignore line: [ /usr/local/include]
  ignore line: [ /usr/lib/gcc/x86_64-pc-linux-gnu/6.5.0/include-fixed]
  ignore line: [ /usr/include]
  ignore line: [End of search list.]
  ignore line: [GNU C++14 (GCC) version 6.5.0 (x86_64-pc-linux-gnu)]
  ignore line: [	compiled by GNU C version 6.5.0  GMP version 6.2.1  MPFR version 4.1.0-p13  MPC version 1.2.1  isl version 0.15]
  ignore line: [GGC heuristics: --param ggc-min-expand=100 --param ggc-min-heapsize=131072]
  ignore line: [Compiler executable checksum: 7633cfde68ccc596d24e553ed11d18f2]
  ignore line: [COLLECT_GCC_OPTIONS='-v' '-o' 'CMakeFiles/cmTC_a2c84.dir/CMakeCXXCompilerABI.cpp.o' '-c' '-shared-libgcc' '-mtune=generic' '-march=x86-64']
  ignore line: [ as -v --64 -o CMakeFiles/cmTC_a2c84.dir/CMakeCXXCompilerABI.cpp.o /tmp/ccWsdCfK.s]
  ignore line: [GNU assembler version 2.39.0 (x86_64-pc-linux-gnu) using BFD version (GNU Binutils) 2.39.0]
  ignore line: [COMPILER_PATH=/usr/lib/gcc/x86_64-pc-linux-gnu/6.5.0/:/usr/lib/gcc/x86_64-pc-linux-gnu/6.5.0/:/usr/lib/gcc/x86_64-pc-linux-gnu/:/usr/lib/gcc/x86_64-pc-linux-gnu/6.5.0/:/usr/lib/gcc/x86_64-pc-linux-gnu/]
  ignore line: [LIBRARY_PATH=/usr/lib/gcc/x86_64-pc-linux-gnu/6.5.0/:/usr/lib/gcc/x86_64-pc-linux-gnu/6.5.0/../../../../lib/:/lib/../lib/:/usr/lib/../lib/:/usr/lib/gcc/x86_64-pc-linux-gnu/6.5.0/../../../:/lib/:/usr/lib/]
  ignore line: [COLLECT_GCC_OPTIONS='-v' '-o' 'CMakeFiles/cmTC_a2c84.dir/CMakeCXXCompilerABI.cpp.o' '-c' '-shared-libgcc' '-mtune=generic' '-march=x86-64']
  ignore line: [[2/2] Linking CXX executable cmTC_a2c84]
  ignore line: [Using built-in specs.]
  ignore line: [COLLECT_GCC=/opt/cuda/bin/g++]
  ignore line: [COLLECT_LTO_WRAPPER=/usr/lib/gcc/x86_64-pc-linux-gnu/6.5.0/lto-wrapper]
  ignore line: [Target: x86_64-pc-linux-gnu]
  ignore line: [Configured with: /var/tmp/pamac-build-baran/gcc6/src/gcc/configure --prefix=/usr --build=x86_64-pc-linux-gnu --libdir=/usr/lib --libexecdir=/usr/lib --mandir=/usr/share/man --infodir=/usr/share/info --with-bugurl=https://bugs.archlinux.org/ --enable-languages=c c++ fortran lto java --with-isl --with-linker-hash-style=gnu --with-system-zlib --enable-__cxa_atexit --enable-build-format-warnings --enable-cet=auto --enable-checking=release --enable-clocale=gnu --enable-default-pie --enable-default-ssp --enable-gnu-indirect-function --enable-gnu-unique-object --disable-install-libiberty --enable-linker-build-id --enable-lto --disable-multilib --enable-plugin --enable-shared --enable-threads=posix --disable-libssp --disable-libstdcxx-pch --disable-libunwind-exceptions --disable-werror --enable-java-awt=gtk --with-java-home= --enable-libgcj-multifile --enable-version-specific-runtime-libs --enable-build-warnings --program-suffix=-6]
  ignore line: [Thread model: posix]
  ignore line: [gcc version 6.5.0 (GCC) ]
  ignore line: [COMPILER_PATH=/usr/lib/gcc/x86_64-pc-linux-gnu/6.5.0/:/usr/lib/gcc/x86_64-pc-linux-gnu/6.5.0/:/usr/lib/gcc/x86_64-pc-linux-gnu/:/usr/lib/gcc/x86_64-pc-linux-gnu/6.5.0/:/usr/lib/gcc/x86_64-pc-linux-gnu/]
  ignore line: [LIBRARY_PATH=/usr/lib/gcc/x86_64-pc-linux-gnu/6.5.0/:/usr/lib/gcc/x86_64-pc-linux-gnu/6.5.0/../../../../lib/:/lib/../lib/:/usr/lib/../lib/:/usr/lib/gcc/x86_64-pc-linux-gnu/6.5.0/../../../:/lib/:/usr/lib/]
  ignore line: [COLLECT_GCC_OPTIONS='-v' '-o' 'cmTC_a2c84' '-shared-libgcc' '-mtune=generic' '-march=x86-64']
  link line: [ ld -plugin /usr/lib/gcc/x86_64-pc-linux-gnu/6.5.0/liblto_plugin.so -plugin-opt=/usr/lib/gcc/x86_64-pc-linux-gnu/6.5.0/lto-wrapper -plugin-opt=-fresolution=/tmp/ccUybX1S.res -plugin-opt=-pass-through=-lgcc_s -plugin-opt=-pass-through=-lgcc -plugin-opt=-pass-through=-lc -plugin-opt=-pass-through=-lgcc_s -plugin-opt=-pass-through=-lgcc --build-id --eh-frame-hdr --hash-style=gnu -m elf_x86_64 -dynamic-linker /lib64/ld-linux-x86-64.so.2 -pie -o cmTC_a2c84 /usr/lib/gcc/x86_64-pc-linux-gnu/6.5.0/../../../../lib/Scrt1.o /usr/lib/gcc/x86_64-pc-linux-gnu/6.5.0/../../../../lib/crti.o /usr/lib/gcc/x86_64-pc-linux-gnu/6.5.0/crtbeginS.o -L/usr/lib/gcc/x86_64-pc-linux-gnu/6.5.0 -L/usr/lib/gcc/x86_64-pc-linux-gnu/6.5.0/../../../../lib -L/lib/../lib -L/usr/lib/../lib -L/usr/lib/gcc/x86_64-pc-linux-gnu/6.5.0/../../.. CMakeFiles/cmTC_a2c84.dir/CMakeCXXCompilerABI.cpp.o -lstdc++ -lm -lgcc_s -lgcc -lc -lgcc_s -lgcc /usr/lib/gcc/x86_64-pc-linux-gnu/6.5.0/crtendS.o /usr/lib/gcc/x86_64-pc-linux-gnu/6.5.0/../../../../lib/crtn.o]
    arg [ld] ==> ignore
    arg [-plugin] ==> ignore
    arg [/usr/lib/gcc/x86_64-pc-linux-gnu/6.5.0/liblto_plugin.so] ==> ignore
    arg [-plugin-opt=/usr/lib/gcc/x86_64-pc-linux-gnu/6.5.0/lto-wrapper] ==> ignore
    arg [-plugin-opt=-fresolution=/tmp/ccUybX1S.res] ==> ignore
    arg [-plugin-opt=-pass-through=-lgcc_s] ==> ignore
    arg [-plugin-opt=-pass-through=-lgcc] ==> ignore
    arg [-plugin-opt=-pass-through=-lc] ==> ignore
    arg [-plugin-opt=-pass-through=-lgcc_s] ==> ignore
    arg [-plugin-opt=-pass-through=-lgcc] ==> ignore
    arg [--build-id] ==> ignore
    arg [--eh-frame-hdr] ==> ignore
    arg [--hash-style=gnu] ==> ignore
    arg [-m] ==> ignore
    arg [elf_x86_64] ==> ignore
    arg [-dynamic-linker] ==> ignore
    arg [/lib64/ld-linux-x86-64.so.2] ==> ignore
    arg [-pie] ==> ignore
    arg [-o] ==> ignore
    arg [cmTC_a2c84] ==> ignore
    arg [/usr/lib/gcc/x86_64-pc-linux-gnu/6.5.0/../../../../lib/Scrt1.o] ==> obj [/usr/lib/gcc/x86_64-pc-linux-gnu/6.5.0/../../../../lib/Scrt1.o]
    arg [/usr/lib/gcc/x86_64-pc-linux-gnu/6.5.0/../../../../lib/crti.o] ==> obj [/usr/lib/gcc/x86_64-pc-linux-gnu/6.5.0/../../../../lib/crti.o]
    arg [/usr/lib/gcc/x86_64-pc-linux-gnu/6.5.0/crtbeginS.o] ==> obj [/usr/lib/gcc/x86_64-pc-linux-gnu/6.5.0/crtbeginS.o]
    arg [-L/usr/lib/gcc/x86_64-pc-linux-gnu/6.5.0] ==> dir [/usr/lib/gcc/x86_64-pc-linux-gnu/6.5.0]
    arg [-L/usr/lib/gcc/x86_64-pc-linux-gnu/6.5.0/../../../../lib] ==> dir [/usr/lib/gcc/x86_64-pc-linux-gnu/6.5.0/../../../../lib]
    arg [-L/lib/../lib] ==> dir [/lib/../lib]
    arg [-L/usr/lib/../lib] ==> dir [/usr/lib/../lib]
    arg [-L/usr/lib/gcc/x86_64-pc-linux-gnu/6.5.0/../../..] ==> dir [/usr/lib/gcc/x86_64-pc-linux-gnu/6.5.0/../../..]
    arg [CMakeFiles/cmTC_a2c84.dir/CMakeCXXCompilerABI.cpp.o] ==> ignore
    arg [-lstdc++] ==> lib [stdc++]
    arg [-lm] ==> lib [m]
    arg [-lgcc_s] ==> lib [gcc_s]
    arg [-lgcc] ==> lib [gcc]
    arg [-lc] ==> lib [c]
    arg [-lgcc_s] ==> lib [gcc_s]
    arg [-lgcc] ==> lib [gcc]
    arg [/usr/lib/gcc/x86_64-pc-linux-gnu/6.5.0/crtendS.o] ==> obj [/usr/lib/gcc/x86_64-pc-linux-gnu/6.5.0/crtendS.o]
    arg [/usr/lib/gcc/x86_64-pc-linux-gnu/6.5.0/../../../../lib/crtn.o] ==> obj [/usr/lib/gcc/x86_64-pc-linux-gnu/6.5.0/../../../../lib/crtn.o]
  collapse obj [/usr/lib/gcc/x86_64-pc-linux-gnu/6.5.0/../../../../lib/Scrt1.o] ==> [/usr/lib/Scrt1.o]
  collapse obj [/usr/lib/gcc/x86_64-pc-linux-gnu/6.5.0/../../../../lib/crti.o] ==> [/usr/lib/crti.o]
  collapse obj [/usr/lib/gcc/x86_64-pc-linux-gnu/6.5.0/../../../../lib/crtn.o] ==> [/usr/lib/crtn.o]
  collapse library dir [/usr/lib/gcc/x86_64-pc-linux-gnu/6.5.0] ==> [/usr/lib/gcc/x86_64-pc-linux-gnu/6.5.0]
  collapse library dir [/usr/lib/gcc/x86_64-pc-linux-gnu/6.5.0/../../../../lib] ==> [/usr/lib]
  collapse library dir [/lib/../lib] ==> [/lib]
  collapse library dir [/usr/lib/../lib] ==> [/usr/lib]
  collapse library dir [/usr/lib/gcc/x86_64-pc-linux-gnu/6.5.0/../../..] ==> [/usr/lib]
  implicit libs: [stdc++;m;gcc_s;gcc;c;gcc_s;gcc]
  implicit objs: [/usr/lib/Scrt1.o;/usr/lib/crti.o;/usr/lib/gcc/x86_64-pc-linux-gnu/6.5.0/crtbeginS.o;/usr/lib/gcc/x86_64-pc-linux-gnu/6.5.0/crtendS.o;/usr/lib/crtn.o]
  implicit dirs: [/usr/lib/gcc/x86_64-pc-linux-gnu/6.5.0;/usr/lib;/lib]
  implicit fwks: []


The system is: Linux - 5.15.81-1-MANJARO - x86_64
Compiling the C compiler identification source file "CMakeCCompilerId.c" succeeded.
Compiler: /opt/cuda/bin/gcc 
Build flags: 
Id flags:  

The output was:
0


Compilation of the C compiler identification source "CMakeCCompilerId.c" produced "a.out"

The C compiler identification is GNU, found in "/home/baran/Work/code/trekker/build/CMakeFiles/3.25.1/CompilerIdC/a.out"

Compiling the CXX compiler identification source file "CMakeCXXCompilerId.cpp" succeeded.
Compiler: /opt/cuda/bin/g++ 
Build flags: 
Id flags:  

The output was:
0


Compilation of the CXX compiler identification source "CMakeCXXCompilerId.cpp" produced "a.out"

The CXX compiler identification is GNU, found in "/home/baran/Work/code/trekker/build/CMakeFiles/3.25.1/CompilerIdCXX/a.out"

Detecting C compiler ABI info compiled with the following output:
Change Dir: /home/baran/Work/code/trekker/build/CMakeFiles/CMakeScratch/TryCompile-TW8XOP

Run Build Command(s):/usr/bin/make -f Makefile cmTC_f233b/fast && /usr/bin/make  -f CMakeFiles/cmTC_f233b.dir/build.make CMakeFiles/cmTC_f233b.dir/build
make[1]: Entering directory '/home/baran/Work/code/trekker/build/CMakeFiles/CMakeScratch/TryCompile-TW8XOP'
Building C object CMakeFiles/cmTC_f233b.dir/CMakeCCompilerABI.c.o
/opt/cuda/bin/gcc   -v -o CMakeFiles/cmTC_f233b.dir/CMakeCCompilerABI.c.o -c /usr/share/cmake/Modules/CMakeCCompilerABI.c
Using built-in specs.
COLLECT_GCC=/opt/cuda/bin/gcc
Target: x86_64-pc-linux-gnu
Configured with: /build/gcc11/src/gcc/configure --enable-languages=c,c++,fortran,lto --enable-bootstrap --prefix=/usr --libdir=/usr/lib --libexecdir=/usr/lib --mandir=/usr/share/man --infodir=/usr/share/info --with-bugurl=https://bugs.archlinux.org/ --with-linker-hash-style=gnu --with-system-zlib --enable-__cxa_atexit --enable-cet=auto --enable-checking=release --enable-clocale=gnu --enable-default-pie --enable-default-ssp --enable-gnu-indirect-function --enable-gnu-unique-object --enable-linker-build-id --enable-lto --enable-plugin --enable-shared --enable-threads=posix --disable-libssp --disable-libstdcxx-pch --disable-werror --with-build-config=bootstrap-lto --enable-link-serialization=1 --program-suffix=-11 --enable-version-specific-runtime-libs --disable-multilib
Thread model: posix
Supported LTO compression algorithms: zlib zstd
gcc version 11.3.0 (GCC) 
COLLECT_GCC_OPTIONS='-v' '-o' 'CMakeFiles/cmTC_f233b.dir/CMakeCCompilerABI.c.o' '-c' '-mtune=generic' '-march=x86-64' '-dumpdir' 'CMakeFiles/cmTC_f233b.dir/'
 /usr/lib/gcc/x86_64-pc-linux-gnu/11.3.0/cc1 -quiet -v /usr/share/cmake/Modules/CMakeCCompilerABI.c -quiet -dumpdir CMakeFiles/cmTC_f233b.dir/ -dumpbase CMakeCCompilerABI.c.c -dumpbase-ext .c -mtune=generic -march=x86-64 -version -o /tmp/ccUjCBjN.s
GNU C17 (GCC) version 11.3.0 (x86_64-pc-linux-gnu)
	compiled by GNU C version 11.3.0, GMP version 6.2.1, MPFR version 4.1.0-p13, MPC version 1.2.1, isl version isl-0.25-GMP

warning: MPFR header version 4.1.0-p13 differs from library version 4.1.1-p1.
GGC heuristics: --param ggc-min-expand=100 --param ggc-min-heapsize=131072
ignoring nonexistent directory "/usr/lib/gcc/x86_64-pc-linux-gnu/11.3.0/../../../../x86_64-pc-linux-gnu/include"
#include "..." search starts here:
#include <...> search starts here:
 /usr/lib/gcc/x86_64-pc-linux-gnu/11.3.0/include
 /usr/local/include
 /usr/lib/gcc/x86_64-pc-linux-gnu/11.3.0/include-fixed
 /usr/include
End of search list.
GNU C17 (GCC) version 11.3.0 (x86_64-pc-linux-gnu)
	compiled by GNU C version 11.3.0, GMP version 6.2.1, MPFR version 4.1.0-p13, MPC version 1.2.1, isl version isl-0.25-GMP

warning: MPFR header version 4.1.0-p13 differs from library version 4.1.1-p1.
GGC heuristics: --param ggc-min-expand=100 --param ggc-min-heapsize=131072
Compiler executable checksum: 382ee6bb3ac5e70de4e105539c5f1d3d
COLLECT_GCC_OPTIONS='-v' '-o' 'CMakeFiles/cmTC_f233b.dir/CMakeCCompilerABI.c.o' '-c' '-mtune=generic' '-march=x86-64' '-dumpdir' 'CMakeFiles/cmTC_f233b.dir/'
 as -v --64 -o CMakeFiles/cmTC_f233b.dir/CMakeCCompilerABI.c.o /tmp/ccUjCBjN.s
GNU assembler version 2.39.0 (x86_64-pc-linux-gnu) using BFD version (GNU Binutils) 2.39.0
COMPILER_PATH=/usr/lib/gcc/x86_64-pc-linux-gnu/11.3.0/:/usr/lib/gcc/x86_64-pc-linux-gnu/11.3.0/:/usr/lib/gcc/x86_64-pc-linux-gnu/:/usr/lib/gcc/x86_64-pc-linux-gnu/11.3.0/:/usr/lib/gcc/x86_64-pc-linux-gnu/
LIBRARY_PATH=/usr/lib/gcc/x86_64-pc-linux-gnu/11.3.0/:/usr/lib/gcc/x86_64-pc-linux-gnu/11.3.0/../../../../lib/:/lib/../lib/:/usr/lib/../lib/:/usr/lib/gcc/x86_64-pc-linux-gnu/11.3.0/../../../:/lib/:/usr/lib/
COLLECT_GCC_OPTIONS='-v' '-o' 'CMakeFiles/cmTC_f233b.dir/CMakeCCompilerABI.c.o' '-c' '-mtune=generic' '-march=x86-64' '-dumpdir' 'CMakeFiles/cmTC_f233b.dir/CMakeCCompilerABI.c.'
Linking C executable cmTC_f233b
/usr/bin/cmake -E cmake_link_script CMakeFiles/cmTC_f233b.dir/link.txt --verbose=1
/opt/cuda/bin/gcc  -v CMakeFiles/cmTC_f233b.dir/CMakeCCompilerABI.c.o -o cmTC_f233b 
Using built-in specs.
COLLECT_GCC=/opt/cuda/bin/gcc
COLLECT_LTO_WRAPPER=/usr/lib/gcc/x86_64-pc-linux-gnu/11.3.0/lto-wrapper
Target: x86_64-pc-linux-gnu
Configured with: /build/gcc11/src/gcc/configure --enable-languages=c,c++,fortran,lto --enable-bootstrap --prefix=/usr --libdir=/usr/lib --libexecdir=/usr/lib --mandir=/usr/share/man --infodir=/usr/share/info --with-bugurl=https://bugs.archlinux.org/ --with-linker-hash-style=gnu --with-system-zlib --enable-__cxa_atexit --enable-cet=auto --enable-checking=release --enable-clocale=gnu --enable-default-pie --enable-default-ssp --enable-gnu-indirect-function --enable-gnu-unique-object --enable-linker-build-id --enable-lto --enable-plugin --enable-shared --enable-threads=posix --disable-libssp --disable-libstdcxx-pch --disable-werror --with-build-config=bootstrap-lto --enable-link-serialization=1 --program-suffix=-11 --enable-version-specific-runtime-libs --disable-multilib
Thread model: posix
Supported LTO compression algorithms: zlib zstd
gcc version 11.3.0 (GCC) 
COMPILER_PATH=/usr/lib/gcc/x86_64-pc-linux-gnu/11.3.0/:/usr/lib/gcc/x86_64-pc-linux-gnu/11.3.0/:/usr/lib/gcc/x86_64-pc-linux-gnu/:/usr/lib/gcc/x86_64-pc-linux-gnu/11.3.0/:/usr/lib/gcc/x86_64-pc-linux-gnu/
LIBRARY_PATH=/usr/lib/gcc/x86_64-pc-linux-gnu/11.3.0/:/usr/lib/gcc/x86_64-pc-linux-gnu/11.3.0/../../../../lib/:/lib/../lib/:/usr/lib/../lib/:/usr/lib/gcc/x86_64-pc-linux-gnu/11.3.0/../../../:/lib/:/usr/lib/
COLLECT_GCC_OPTIONS='-v' '-o' 'cmTC_f233b' '-mtune=generic' '-march=x86-64' '-dumpdir' 'cmTC_f233b.'
 /usr/lib/gcc/x86_64-pc-linux-gnu/11.3.0/collect2 -plugin /usr/lib/gcc/x86_64-pc-linux-gnu/11.3.0/liblto_plugin.so -plugin-opt=/usr/lib/gcc/x86_64-pc-linux-gnu/11.3.0/lto-wrapper -plugin-opt=-fresolution=/tmp/ccI0ly4z.res -plugin-opt=-pass-through=-lgcc -plugin-opt=-pass-through=-lgcc_s -plugin-opt=-pass-through=-lc -plugin-opt=-pass-through=-lgcc -plugin-opt=-pass-through=-lgcc_s --build-id --eh-frame-hdr --hash-style=gnu -m elf_x86_64 -dynamic-linker /lib64/ld-linux-x86-64.so.2 -pie -o cmTC_f233b /usr/lib/gcc/x86_64-pc-linux-gnu/11.3.0/../../../../lib/Scrt1.o /usr/lib/gcc/x86_64-pc-linux-gnu/11.3.0/../../../../lib/crti.o /usr/lib/gcc/x86_64-pc-linux-gnu/11.3.0/crtbeginS.o -L/usr/lib/gcc/x86_64-pc-linux-gnu/11.3.0 -L/usr/lib/gcc/x86_64-pc-linux-gnu/11.3.0/../../../../lib -L/lib/../lib -L/usr/lib/../lib -L/usr/lib/gcc/x86_64-pc-linux-gnu/11.3.0/../../.. CMakeFiles/cmTC_f233b.dir/CMakeCCompilerABI.c.o -lgcc --push-state --as-needed -lgcc_s --pop-state -lc -lgcc --push-state --as-needed -lgcc_s --pop-state /usr/lib/gcc/x86_64-pc-linux-gnu/11.3.0/crtendS.o /usr/lib/gcc/x86_64-pc-linux-gnu/11.3.0/../../../../lib/crtn.o
COLLECT_GCC_OPTIONS='-v' '-o' 'cmTC_f233b' '-mtune=generic' '-march=x86-64' '-dumpdir' 'cmTC_f233b.'
make[1]: Leaving directory '/home/baran/Work/code/trekker/build/CMakeFiles/CMakeScratch/TryCompile-TW8XOP'



Parsed C implicit include dir info from above output: rv=done
  found start of include info
  found start of implicit include info
    add: [/usr/lib/gcc/x86_64-pc-linux-gnu/11.3.0/include]
    add: [/usr/local/include]
    add: [/usr/lib/gcc/x86_64-pc-linux-gnu/11.3.0/include-fixed]
    add: [/usr/include]
  end of search list found
  collapse include dir [/usr/lib/gcc/x86_64-pc-linux-gnu/11.3.0/include] ==> [/usr/lib/gcc/x86_64-pc-linux-gnu/11.3.0/include]
  collapse include dir [/usr/local/include] ==> [/usr/local/include]
  collapse include dir [/usr/lib/gcc/x86_64-pc-linux-gnu/11.3.0/include-fixed] ==> [/usr/lib/gcc/x86_64-pc-linux-gnu/11.3.0/include-fixed]
  collapse include dir [/usr/include] ==> [/usr/include]
  implicit include dirs: [/usr/lib/gcc/x86_64-pc-linux-gnu/11.3.0/include;/usr/local/include;/usr/lib/gcc/x86_64-pc-linux-gnu/11.3.0/include-fixed;/usr/include]


Parsed C implicit link information from above output:
  link line regex: [^( *|.*[/\])(ld|CMAKE_LINK_STARTFILE-NOTFOUND|([^/\]+-)?ld|collect2)[^/\]*( |$)]
  ignore line: [Change Dir: /home/baran/Work/code/trekker/build/CMakeFiles/CMakeScratch/TryCompile-TW8XOP]
  ignore line: []
  ignore line: [Run Build Command(s):/usr/bin/make -f Makefile cmTC_f233b/fast && /usr/bin/make  -f CMakeFiles/cmTC_f233b.dir/build.make CMakeFiles/cmTC_f233b.dir/build]
  ignore line: [make[1]: Entering directory '/home/baran/Work/code/trekker/build/CMakeFiles/CMakeScratch/TryCompile-TW8XOP']
  ignore line: [Building C object CMakeFiles/cmTC_f233b.dir/CMakeCCompilerABI.c.o]
  ignore line: [/opt/cuda/bin/gcc   -v -o CMakeFiles/cmTC_f233b.dir/CMakeCCompilerABI.c.o -c /usr/share/cmake/Modules/CMakeCCompilerABI.c]
  ignore line: [Using built-in specs.]
  ignore line: [COLLECT_GCC=/opt/cuda/bin/gcc]
  ignore line: [Target: x86_64-pc-linux-gnu]
  ignore line: [Configured with: /build/gcc11/src/gcc/configure --enable-languages=c c++ fortran lto --enable-bootstrap --prefix=/usr --libdir=/usr/lib --libexecdir=/usr/lib --mandir=/usr/share/man --infodir=/usr/share/info --with-bugurl=https://bugs.archlinux.org/ --with-linker-hash-style=gnu --with-system-zlib --enable-__cxa_atexit --enable-cet=auto --enable-checking=release --enable-clocale=gnu --enable-default-pie --enable-default-ssp --enable-gnu-indirect-function --enable-gnu-unique-object --enable-linker-build-id --enable-lto --enable-plugin --enable-shared --enable-threads=posix --disable-libssp --disable-libstdcxx-pch --disable-werror --with-build-config=bootstrap-lto --enable-link-serialization=1 --program-suffix=-11 --enable-version-specific-runtime-libs --disable-multilib]
  ignore line: [Thread model: posix]
  ignore line: [Supported LTO compression algorithms: zlib zstd]
  ignore line: [gcc version 11.3.0 (GCC) ]
  ignore line: [COLLECT_GCC_OPTIONS='-v' '-o' 'CMakeFiles/cmTC_f233b.dir/CMakeCCompilerABI.c.o' '-c' '-mtune=generic' '-march=x86-64' '-dumpdir' 'CMakeFiles/cmTC_f233b.dir/']
  ignore line: [ /usr/lib/gcc/x86_64-pc-linux-gnu/11.3.0/cc1 -quiet -v /usr/share/cmake/Modules/CMakeCCompilerABI.c -quiet -dumpdir CMakeFiles/cmTC_f233b.dir/ -dumpbase CMakeCCompilerABI.c.c -dumpbase-ext .c -mtune=generic -march=x86-64 -version -o /tmp/ccUjCBjN.s]
  ignore line: [GNU C17 (GCC) version 11.3.0 (x86_64-pc-linux-gnu)]
  ignore line: [	compiled by GNU C version 11.3.0  GMP version 6.2.1  MPFR version 4.1.0-p13  MPC version 1.2.1  isl version isl-0.25-GMP]
  ignore line: []
  ignore line: [warning: MPFR header version 4.1.0-p13 differs from library version 4.1.1-p1.]
  ignore line: [GGC heuristics: --param ggc-min-expand=100 --param ggc-min-heapsize=131072]
  ignore line: [ignoring nonexistent directory "/usr/lib/gcc/x86_64-pc-linux-gnu/11.3.0/../../../../x86_64-pc-linux-gnu/include"]
  ignore line: [#include "..." search starts here:]
  ignore line: [#include <...> search starts here:]
  ignore line: [ /usr/lib/gcc/x86_64-pc-linux-gnu/11.3.0/include]
  ignore line: [ /usr/local/include]
  ignore line: [ /usr/lib/gcc/x86_64-pc-linux-gnu/11.3.0/include-fixed]
  ignore line: [ /usr/include]
  ignore line: [End of search list.]
  ignore line: [GNU C17 (GCC) version 11.3.0 (x86_64-pc-linux-gnu)]
  ignore line: [	compiled by GNU C version 11.3.0  GMP version 6.2.1  MPFR version 4.1.0-p13  MPC version 1.2.1  isl version isl-0.25-GMP]
  ignore line: []
  ignore line: [warning: MPFR header version 4.1.0-p13 differs from library version 4.1.1-p1.]
  ignore line: [GGC heuristics: --param ggc-min-expand=100 --param ggc-min-heapsize=131072]
  ignore line: [Compiler executable checksum: 382ee6bb3ac5e70de4e105539c5f1d3d]
  ignore line: [COLLECT_GCC_OPTIONS='-v' '-o' 'CMakeFiles/cmTC_f233b.dir/CMakeCCompilerABI.c.o' '-c' '-mtune=generic' '-march=x86-64' '-dumpdir' 'CMakeFiles/cmTC_f233b.dir/']
  ignore line: [ as -v --64 -o CMakeFiles/cmTC_f233b.dir/CMakeCCompilerABI.c.o /tmp/ccUjCBjN.s]
  ignore line: [GNU assembler version 2.39.0 (x86_64-pc-linux-gnu) using BFD version (GNU Binutils) 2.39.0]
  ignore line: [COMPILER_PATH=/usr/lib/gcc/x86_64-pc-linux-gnu/11.3.0/:/usr/lib/gcc/x86_64-pc-linux-gnu/11.3.0/:/usr/lib/gcc/x86_64-pc-linux-gnu/:/usr/lib/gcc/x86_64-pc-linux-gnu/11.3.0/:/usr/lib/gcc/x86_64-pc-linux-gnu/]
  ignore line: [LIBRARY_PATH=/usr/lib/gcc/x86_64-pc-linux-gnu/11.3.0/:/usr/lib/gcc/x86_64-pc-linux-gnu/11.3.0/../../../../lib/:/lib/../lib/:/usr/lib/../lib/:/usr/lib/gcc/x86_64-pc-linux-gnu/11.3.0/../../../:/lib/:/usr/lib/]
  ignore line: [COLLECT_GCC_OPTIONS='-v' '-o' 'CMakeFiles/cmTC_f233b.dir/CMakeCCompilerABI.c.o' '-c' '-mtune=generic' '-march=x86-64' '-dumpdir' 'CMakeFiles/cmTC_f233b.dir/CMakeCCompilerABI.c.']
  ignore line: [Linking C executable cmTC_f233b]
  ignore line: [/usr/bin/cmake -E cmake_link_script CMakeFiles/cmTC_f233b.dir/link.txt --verbose=1]
  ignore line: [/opt/cuda/bin/gcc  -v CMakeFiles/cmTC_f233b.dir/CMakeCCompilerABI.c.o -o cmTC_f233b ]
  ignore line: [Using built-in specs.]
  ignore line: [COLLECT_GCC=/opt/cuda/bin/gcc]
  ignore line: [COLLECT_LTO_WRAPPER=/usr/lib/gcc/x86_64-pc-linux-gnu/11.3.0/lto-wrapper]
  ignore line: [Target: x86_64-pc-linux-gnu]
  ignore line: [Configured with: /build/gcc11/src/gcc/configure --enable-languages=c c++ fortran lto --enable-bootstrap --prefix=/usr --libdir=/usr/lib --libexecdir=/usr/lib --mandir=/usr/share/man --infodir=/usr/share/info --with-bugurl=https://bugs.archlinux.org/ --with-linker-hash-style=gnu --with-system-zlib --enable-__cxa_atexit --enable-cet=auto --enable-checking=release --enable-clocale=gnu --enable-default-pie --enable-default-ssp --enable-gnu-indirect-function --enable-gnu-unique-object --enable-linker-build-id --enable-lto --enable-plugin --enable-shared --enable-threads=posix --disable-libssp --disable-libstdcxx-pch --disable-werror --with-build-config=bootstrap-lto --enable-link-serialization=1 --program-suffix=-11 --enable-version-specific-runtime-libs --disable-multilib]
  ignore line: [Thread model: posix]
  ignore line: [Supported LTO compression algorithms: zlib zstd]
  ignore line: [gcc version 11.3.0 (GCC) ]
  ignore line: [COMPILER_PATH=/usr/lib/gcc/x86_64-pc-linux-gnu/11.3.0/:/usr/lib/gcc/x86_64-pc-linux-gnu/11.3.0/:/usr/lib/gcc/x86_64-pc-linux-gnu/:/usr/lib/gcc/x86_64-pc-linux-gnu/11.3.0/:/usr/lib/gcc/x86_64-pc-linux-gnu/]
  ignore line: [LIBRARY_PATH=/usr/lib/gcc/x86_64-pc-linux-gnu/11.3.0/:/usr/lib/gcc/x86_64-pc-linux-gnu/11.3.0/../../../../lib/:/lib/../lib/:/usr/lib/../lib/:/usr/lib/gcc/x86_64-pc-linux-gnu/11.3.0/../../../:/lib/:/usr/lib/]
  ignore line: [COLLECT_GCC_OPTIONS='-v' '-o' 'cmTC_f233b' '-mtune=generic' '-march=x86-64' '-dumpdir' 'cmTC_f233b.']
  link line: [ /usr/lib/gcc/x86_64-pc-linux-gnu/11.3.0/collect2 -plugin /usr/lib/gcc/x86_64-pc-linux-gnu/11.3.0/liblto_plugin.so -plugin-opt=/usr/lib/gcc/x86_64-pc-linux-gnu/11.3.0/lto-wrapper -plugin-opt=-fresolution=/tmp/ccI0ly4z.res -plugin-opt=-pass-through=-lgcc -plugin-opt=-pass-through=-lgcc_s -plugin-opt=-pass-through=-lc -plugin-opt=-pass-through=-lgcc -plugin-opt=-pass-through=-lgcc_s --build-id --eh-frame-hdr --hash-style=gnu -m elf_x86_64 -dynamic-linker /lib64/ld-linux-x86-64.so.2 -pie -o cmTC_f233b /usr/lib/gcc/x86_64-pc-linux-gnu/11.3.0/../../../../lib/Scrt1.o /usr/lib/gcc/x86_64-pc-linux-gnu/11.3.0/../../../../lib/crti.o /usr/lib/gcc/x86_64-pc-linux-gnu/11.3.0/crtbeginS.o -L/usr/lib/gcc/x86_64-pc-linux-gnu/11.3.0 -L/usr/lib/gcc/x86_64-pc-linux-gnu/11.3.0/../../../../lib -L/lib/../lib -L/usr/lib/../lib -L/usr/lib/gcc/x86_64-pc-linux-gnu/11.3.0/../../.. CMakeFiles/cmTC_f233b.dir/CMakeCCompilerABI.c.o -lgcc --push-state --as-needed -lgcc_s --pop-state -lc -lgcc --push-state --as-needed -lgcc_s --pop-state /usr/lib/gcc/x86_64-pc-linux-gnu/11.3.0/crtendS.o /usr/lib/gcc/x86_64-pc-linux-gnu/11.3.0/../../../../lib/crtn.o]
    arg [/usr/lib/gcc/x86_64-pc-linux-gnu/11.3.0/collect2] ==> ignore
    arg [-plugin] ==> ignore
    arg [/usr/lib/gcc/x86_64-pc-linux-gnu/11.3.0/liblto_plugin.so] ==> ignore
    arg [-plugin-opt=/usr/lib/gcc/x86_64-pc-linux-gnu/11.3.0/lto-wrapper] ==> ignore
    arg [-plugin-opt=-fresolution=/tmp/ccI0ly4z.res] ==> ignore
    arg [-plugin-opt=-pass-through=-lgcc] ==> ignore
    arg [-plugin-opt=-pass-through=-lgcc_s] ==> ignore
    arg [-plugin-opt=-pass-through=-lc] ==> ignore
    arg [-plugin-opt=-pass-through=-lgcc] ==> ignore
    arg [-plugin-opt=-pass-through=-lgcc_s] ==> ignore
    arg [--build-id] ==> ignore
    arg [--eh-frame-hdr] ==> ignore
    arg [--hash-style=gnu] ==> ignore
    arg [-m] ==> ignore
    arg [elf_x86_64] ==> ignore
    arg [-dynamic-linker] ==> ignore
    arg [/lib64/ld-linux-x86-64.so.2] ==> ignore
    arg [-pie] ==> ignore
    arg [-o] ==> ignore
    arg [cmTC_f233b] ==> ignore
    arg [/usr/lib/gcc/x86_64-pc-linux-gnu/11.3.0/../../../../lib/Scrt1.o] ==> obj [/usr/lib/gcc/x86_64-pc-linux-gnu/11.3.0/../../../../lib/Scrt1.o]
    arg [/usr/lib/gcc/x86_64-pc-linux-gnu/11.3.0/../../../../lib/crti.o] ==> obj [/usr/lib/gcc/x86_64-pc-linux-gnu/11.3.0/../../../../lib/crti.o]
    arg [/usr/lib/gcc/x86_64-pc-linux-gnu/11.3.0/crtbeginS.o] ==> obj [/usr/lib/gcc/x86_64-pc-linux-gnu/11.3.0/crtbeginS.o]
    arg [-L/usr/lib/gcc/x86_64-pc-linux-gnu/11.3.0] ==> dir [/usr/lib/gcc/x86_64-pc-linux-gnu/11.3.0]
    arg [-L/usr/lib/gcc/x86_64-pc-linux-gnu/11.3.0/../../../../lib] ==> dir [/usr/lib/gcc/x86_64-pc-linux-gnu/11.3.0/../../../../lib]
    arg [-L/lib/../lib] ==> dir [/lib/../lib]
    arg [-L/usr/lib/../lib] ==> dir [/usr/lib/../lib]
    arg [-L/usr/lib/gcc/x86_64-pc-linux-gnu/11.3.0/../../..] ==> dir [/usr/lib/gcc/x86_64-pc-linux-gnu/11.3.0/../../..]
    arg [CMakeFiles/cmTC_f233b.dir/CMakeCCompilerABI.c.o] ==> ignore
    arg [-lgcc] ==> lib [gcc]
    arg [--push-state] ==> ignore
    arg [--as-needed] ==> ignore
    arg [-lgcc_s] ==> lib [gcc_s]
    arg [--pop-state] ==> ignore
    arg [-lc] ==> lib [c]
    arg [-lgcc] ==> lib [gcc]
    arg [--push-state] ==> ignore
    arg [--as-needed] ==> ignore
    arg [-lgcc_s] ==> lib [gcc_s]
    arg [--pop-state] ==> ignore
    arg [/usr/lib/gcc/x86_64-pc-linux-gnu/11.3.0/crtendS.o] ==> obj [/usr/lib/gcc/x86_64-pc-linux-gnu/11.3.0/crtendS.o]
    arg [/usr/lib/gcc/x86_64-pc-linux-gnu/11.3.0/../../../../lib/crtn.o] ==> obj [/usr/lib/gcc/x86_64-pc-linux-gnu/11.3.0/../../../../lib/crtn.o]
  collapse obj [/usr/lib/gcc/x86_64-pc-linux-gnu/11.3.0/../../../../lib/Scrt1.o] ==> [/usr/lib/Scrt1.o]
  collapse obj [/usr/lib/gcc/x86_64-pc-linux-gnu/11.3.0/../../../../lib/crti.o] ==> [/usr/lib/crti.o]
  collapse obj [/usr/lib/gcc/x86_64-pc-linux-gnu/11.3.0/../../../../lib/crtn.o] ==> [/usr/lib/crtn.o]
  collapse library dir [/usr/lib/gcc/x86_64-pc-linux-gnu/11.3.0] ==> [/usr/lib/gcc/x86_64-pc-linux-gnu/11.3.0]
  collapse library dir [/usr/lib/gcc/x86_64-pc-linux-gnu/11.3.0/../../../../lib] ==> [/usr/lib]
  collapse library dir [/lib/../lib] ==> [/lib]
  collapse library dir [/usr/lib/../lib] ==> [/usr/lib]
  collapse library dir [/usr/lib/gcc/x86_64-pc-linux-gnu/11.3.0/../../..] ==> [/usr/lib]
  implicit libs: [gcc;gcc_s;c;gcc;gcc_s]
  implicit objs: [/usr/lib/Scrt1.o;/usr/lib/crti.o;/usr/lib/gcc/x86_64-pc-linux-gnu/11.3.0/crtbeginS.o;/usr/lib/gcc/x86_64-pc-linux-gnu/11.3.0/crtendS.o;/usr/lib/crtn.o]
  implicit dirs: [/usr/lib/gcc/x86_64-pc-linux-gnu/11.3.0;/usr/lib;/lib]
  implicit fwks: []


Detecting CXX compiler ABI info compiled with the following output:
Change Dir: /home/baran/Work/code/trekker/build/CMakeFiles/CMakeScratch/TryCompile-r8OSZY

Run Build Command(s):/usr/bin/make -f Makefile cmTC_422c9/fast && /usr/bin/make  -f CMakeFiles/cmTC_422c9.dir/build.make CMakeFiles/cmTC_422c9.dir/build
make[1]: Entering directory '/home/baran/Work/code/trekker/build/CMakeFiles/CMakeScratch/TryCompile-r8OSZY'
Building CXX object CMakeFiles/cmTC_422c9.dir/CMakeCXXCompilerABI.cpp.o
/opt/cuda/bin/g++   -v -o CMakeFiles/cmTC_422c9.dir/CMakeCXXCompilerABI.cpp.o -c /usr/share/cmake/Modules/CMakeCXXCompilerABI.cpp
Using built-in specs.
COLLECT_GCC=/opt/cuda/bin/g++
Target: x86_64-pc-linux-gnu
Configured with: /build/gcc11/src/gcc/configure --enable-languages=c,c++,fortran,lto --enable-bootstrap --prefix=/usr --libdir=/usr/lib --libexecdir=/usr/lib --mandir=/usr/share/man --infodir=/usr/share/info --with-bugurl=https://bugs.archlinux.org/ --with-linker-hash-style=gnu --with-system-zlib --enable-__cxa_atexit --enable-cet=auto --enable-checking=release --enable-clocale=gnu --enable-default-pie --enable-default-ssp --enable-gnu-indirect-function --enable-gnu-unique-object --enable-linker-build-id --enable-lto --enable-plugin --enable-shared --enable-threads=posix --disable-libssp --disable-libstdcxx-pch --disable-werror --with-build-config=bootstrap-lto --enable-link-serialization=1 --program-suffix=-11 --enable-version-specific-runtime-libs --disable-multilib
Thread model: posix
Supported LTO compression algorithms: zlib zstd
gcc version 11.3.0 (GCC) 
COLLECT_GCC_OPTIONS='-v' '-o' 'CMakeFiles/cmTC_422c9.dir/CMakeCXXCompilerABI.cpp.o' '-c' '-shared-libgcc' '-mtune=generic' '-march=x86-64' '-dumpdir' 'CMakeFiles/cmTC_422c9.dir/'
 /usr/lib/gcc/x86_64-pc-linux-gnu/11.3.0/cc1plus -quiet -v -D_GNU_SOURCE /usr/share/cmake/Modules/CMakeCXXCompilerABI.cpp -quiet -dumpdir CMakeFiles/cmTC_422c9.dir/ -dumpbase CMakeCXXCompilerABI.cpp.cpp -dumpbase-ext .cpp -mtune=generic -march=x86-64 -version -o /tmp/ccgjaEcc.s
GNU C++17 (GCC) version 11.3.0 (x86_64-pc-linux-gnu)
	compiled by GNU C version 11.3.0, GMP version 6.2.1, MPFR version 4.1.0-p13, MPC version 1.2.1, isl version isl-0.25-GMP

warning: MPFR header version 4.1.0-p13 differs from library version 4.1.1-p1.
GGC heuristics: --param ggc-min-expand=100 --param ggc-min-heapsize=131072
ignoring nonexistent directory "/usr/lib/gcc/x86_64-pc-linux-gnu/11.3.0/../../../../x86_64-pc-linux-gnu/include"
#include "..." search starts here:
#include <...> search starts here:
 /usr/lib/gcc/x86_64-pc-linux-gnu/11.3.0/include/c++
 /usr/lib/gcc/x86_64-pc-linux-gnu/11.3.0/include/c++/x86_64-pc-linux-gnu
 /usr/lib/gcc/x86_64-pc-linux-gnu/11.3.0/include/c++/backward
 /usr/lib/gcc/x86_64-pc-linux-gnu/11.3.0/include
 /usr/local/include
 /usr/lib/gcc/x86_64-pc-linux-gnu/11.3.0/include-fixed
 /usr/include
End of search list.
GNU C++17 (GCC) version 11.3.0 (x86_64-pc-linux-gnu)
	compiled by GNU C version 11.3.0, GMP version 6.2.1, MPFR version 4.1.0-p13, MPC version 1.2.1, isl version isl-0.25-GMP

warning: MPFR header version 4.1.0-p13 differs from library version 4.1.1-p1.
GGC heuristics: --param ggc-min-expand=100 --param ggc-min-heapsize=131072
Compiler executable checksum: 791c84543fdb58be608c5c73fdc6fea3
COLLECT_GCC_OPTIONS='-v' '-o' 'CMakeFiles/cmTC_422c9.dir/CMakeCXXCompilerABI.cpp.o' '-c' '-shared-libgcc' '-mtune=generic' '-march=x86-64' '-dumpdir' 'CMakeFiles/cmTC_422c9.dir/'
 as -v --64 -o CMakeFiles/cmTC_422c9.dir/CMakeCXXCompilerABI.cpp.o /tmp/ccgjaEcc.s
GNU assembler version 2.39.0 (x86_64-pc-linux-gnu) using BFD version (GNU Binutils) 2.39.0
COMPILER_PATH=/usr/lib/gcc/x86_64-pc-linux-gnu/11.3.0/:/usr/lib/gcc/x86_64-pc-linux-gnu/11.3.0/:/usr/lib/gcc/x86_64-pc-linux-gnu/:/usr/lib/gcc/x86_64-pc-linux-gnu/11.3.0/:/usr/lib/gcc/x86_64-pc-linux-gnu/
LIBRARY_PATH=/usr/lib/gcc/x86_64-pc-linux-gnu/11.3.0/:/usr/lib/gcc/x86_64-pc-linux-gnu/11.3.0/../../../../lib/:/lib/../lib/:/usr/lib/../lib/:/usr/lib/gcc/x86_64-pc-linux-gnu/11.3.0/../../../:/lib/:/usr/lib/
COLLECT_GCC_OPTIONS='-v' '-o' 'CMakeFiles/cmTC_422c9.dir/CMakeCXXCompilerABI.cpp.o' '-c' '-shared-libgcc' '-mtune=generic' '-march=x86-64' '-dumpdir' 'CMakeFiles/cmTC_422c9.dir/CMakeCXXCompilerABI.cpp.'
Linking CXX executable cmTC_422c9
/usr/bin/cmake -E cmake_link_script CMakeFiles/cmTC_422c9.dir/link.txt --verbose=1
/opt/cuda/bin/g++  -v CMakeFiles/cmTC_422c9.dir/CMakeCXXCompilerABI.cpp.o -o cmTC_422c9 
Using built-in specs.
COLLECT_GCC=/opt/cuda/bin/g++
COLLECT_LTO_WRAPPER=/usr/lib/gcc/x86_64-pc-linux-gnu/11.3.0/lto-wrapper
Target: x86_64-pc-linux-gnu
Configured with: /build/gcc11/src/gcc/configure --enable-languages=c,c++,fortran,lto --enable-bootstrap --prefix=/usr --libdir=/usr/lib --libexecdir=/usr/lib --mandir=/usr/share/man --infodir=/usr/share/info --with-bugurl=https://bugs.archlinux.org/ --with-linker-hash-style=gnu --with-system-zlib --enable-__cxa_atexit --enable-cet=auto --enable-checking=release --enable-clocale=gnu --enable-default-pie --enable-default-ssp --enable-gnu-indirect-function --enable-gnu-unique-object --enable-linker-build-id --enable-lto --enable-plugin --enable-shared --enable-threads=posix --disable-libssp --disable-libstdcxx-pch --disable-werror --with-build-config=bootstrap-lto --enable-link-serialization=1 --program-suffix=-11 --enable-version-specific-runtime-libs --disable-multilib
Thread model: posix
Supported LTO compression algorithms: zlib zstd
gcc version 11.3.0 (GCC) 
COMPILER_PATH=/usr/lib/gcc/x86_64-pc-linux-gnu/11.3.0/:/usr/lib/gcc/x86_64-pc-linux-gnu/11.3.0/:/usr/lib/gcc/x86_64-pc-linux-gnu/:/usr/lib/gcc/x86_64-pc-linux-gnu/11.3.0/:/usr/lib/gcc/x86_64-pc-linux-gnu/
LIBRARY_PATH=/usr/lib/gcc/x86_64-pc-linux-gnu/11.3.0/:/usr/lib/gcc/x86_64-pc-linux-gnu/11.3.0/../../../../lib/:/lib/../lib/:/usr/lib/../lib/:/usr/lib/gcc/x86_64-pc-linux-gnu/11.3.0/../../../:/lib/:/usr/lib/
COLLECT_GCC_OPTIONS='-v' '-o' 'cmTC_422c9' '-shared-libgcc' '-mtune=generic' '-march=x86-64' '-dumpdir' 'cmTC_422c9.'
 /usr/lib/gcc/x86_64-pc-linux-gnu/11.3.0/collect2 -plugin /usr/lib/gcc/x86_64-pc-linux-gnu/11.3.0/liblto_plugin.so -plugin-opt=/usr/lib/gcc/x86_64-pc-linux-gnu/11.3.0/lto-wrapper -plugin-opt=-fresolution=/tmp/ccIig6TP.res -plugin-opt=-pass-through=-lgcc_s -plugin-opt=-pass-through=-lgcc -plugin-opt=-pass-through=-lc -plugin-opt=-pass-through=-lgcc_s -plugin-opt=-pass-through=-lgcc --build-id --eh-frame-hdr --hash-style=gnu -m elf_x86_64 -dynamic-linker /lib64/ld-linux-x86-64.so.2 -pie -o cmTC_422c9 /usr/lib/gcc/x86_64-pc-linux-gnu/11.3.0/../../../../lib/Scrt1.o /usr/lib/gcc/x86_64-pc-linux-gnu/11.3.0/../../../../lib/crti.o /usr/lib/gcc/x86_64-pc-linux-gnu/11.3.0/crtbeginS.o -L/usr/lib/gcc/x86_64-pc-linux-gnu/11.3.0 -L/usr/lib/gcc/x86_64-pc-linux-gnu/11.3.0/../../../../lib -L/lib/../lib -L/usr/lib/../lib -L/usr/lib/gcc/x86_64-pc-linux-gnu/11.3.0/../../.. CMakeFiles/cmTC_422c9.dir/CMakeCXXCompilerABI.cpp.o -lstdc++ -lm -lgcc_s -lgcc -lc -lgcc_s -lgcc /usr/lib/gcc/x86_64-pc-linux-gnu/11.3.0/crtendS.o /usr/lib/gcc/x86_64-pc-linux-gnu/11.3.0/../../../../lib/crtn.o
COLLECT_GCC_OPTIONS='-v' '-o' 'cmTC_422c9' '-shared-libgcc' '-mtune=generic' '-march=x86-64' '-dumpdir' 'cmTC_422c9.'
make[1]: Leaving directory '/home/baran/Work/code/trekker/build/CMakeFiles/CMakeScratch/TryCompile-r8OSZY'



Parsed CXX implicit include dir info from above output: rv=done
  found start of include info
  found start of implicit include info
    add: [/usr/lib/gcc/x86_64-pc-linux-gnu/11.3.0/include/c++]
    add: [/usr/lib/gcc/x86_64-pc-linux-gnu/11.3.0/include/c++/x86_64-pc-linux-gnu]
    add: [/usr/lib/gcc/x86_64-pc-linux-gnu/11.3.0/include/c++/backward]
    add: [/usr/lib/gcc/x86_64-pc-linux-gnu/11.3.0/include]
    add: [/usr/local/include]
    add: [/usr/lib/gcc/x86_64-pc-linux-gnu/11.3.0/include-fixed]
    add: [/usr/include]
  end of search list found
  collapse include dir [/usr/lib/gcc/x86_64-pc-linux-gnu/11.3.0/include/c++] ==> [/usr/lib/gcc/x86_64-pc-linux-gnu/11.3.0/include/c++]
  collapse include dir [/usr/lib/gcc/x86_64-pc-linux-gnu/11.3.0/include/c++/x86_64-pc-linux-gnu] ==> [/usr/lib/gcc/x86_64-pc-linux-gnu/11.3.0/include/c++/x86_64-pc-linux-gnu]
  collapse include dir [/usr/lib/gcc/x86_64-pc-linux-gnu/11.3.0/include/c++/backward] ==> [/usr/lib/gcc/x86_64-pc-linux-gnu/11.3.0/include/c++/backward]
  collapse include dir [/usr/lib/gcc/x86_64-pc-linux-gnu/11.3.0/include] ==> [/usr/lib/gcc/x86_64-pc-linux-gnu/11.3.0/include]
  collapse include dir [/usr/local/include] ==> [/usr/local/include]
  collapse include dir [/usr/lib/gcc/x86_64-pc-linux-gnu/11.3.0/include-fixed] ==> [/usr/lib/gcc/x86_64-pc-linux-gnu/11.3.0/include-fixed]
  collapse include dir [/usr/include] ==> [/usr/include]
  implicit include dirs: [/usr/lib/gcc/x86_64-pc-linux-gnu/11.3.0/include/c++;/usr/lib/gcc/x86_64-pc-linux-gnu/11.3.0/include/c++/x86_64-pc-linux-gnu;/usr/lib/gcc/x86_64-pc-linux-gnu/11.3.0/include/c++/backward;/usr/lib/gcc/x86_64-pc-linux-gnu/11.3.0/include;/usr/local/include;/usr/lib/gcc/x86_64-pc-linux-gnu/11.3.0/include-fixed;/usr/include]


Parsed CXX implicit link information from above output:
  link line regex: [^( *|.*[/\])(ld|CMAKE_LINK_STARTFILE-NOTFOUND|([^/\]+-)?ld|collect2)[^/\]*( |$)]
  ignore line: [Change Dir: /home/baran/Work/code/trekker/build/CMakeFiles/CMakeScratch/TryCompile-r8OSZY]
  ignore line: []
  ignore line: [Run Build Command(s):/usr/bin/make -f Makefile cmTC_422c9/fast && /usr/bin/make  -f CMakeFiles/cmTC_422c9.dir/build.make CMakeFiles/cmTC_422c9.dir/build]
  ignore line: [make[1]: Entering directory '/home/baran/Work/code/trekker/build/CMakeFiles/CMakeScratch/TryCompile-r8OSZY']
  ignore line: [Building CXX object CMakeFiles/cmTC_422c9.dir/CMakeCXXCompilerABI.cpp.o]
  ignore line: [/opt/cuda/bin/g++   -v -o CMakeFiles/cmTC_422c9.dir/CMakeCXXCompilerABI.cpp.o -c /usr/share/cmake/Modules/CMakeCXXCompilerABI.cpp]
  ignore line: [Using built-in specs.]
  ignore line: [COLLECT_GCC=/opt/cuda/bin/g++]
  ignore line: [Target: x86_64-pc-linux-gnu]
  ignore line: [Configured with: /build/gcc11/src/gcc/configure --enable-languages=c c++ fortran lto --enable-bootstrap --prefix=/usr --libdir=/usr/lib --libexecdir=/usr/lib --mandir=/usr/share/man --infodir=/usr/share/info --with-bugurl=https://bugs.archlinux.org/ --with-linker-hash-style=gnu --with-system-zlib --enable-__cxa_atexit --enable-cet=auto --enable-checking=release --enable-clocale=gnu --enable-default-pie --enable-default-ssp --enable-gnu-indirect-function --enable-gnu-unique-object --enable-linker-build-id --enable-lto --enable-plugin --enable-shared --enable-threads=posix --disable-libssp --disable-libstdcxx-pch --disable-werror --with-build-config=bootstrap-lto --enable-link-serialization=1 --program-suffix=-11 --enable-version-specific-runtime-libs --disable-multilib]
  ignore line: [Thread model: posix]
  ignore line: [Supported LTO compression algorithms: zlib zstd]
  ignore line: [gcc version 11.3.0 (GCC) ]
  ignore line: [COLLECT_GCC_OPTIONS='-v' '-o' 'CMakeFiles/cmTC_422c9.dir/CMakeCXXCompilerABI.cpp.o' '-c' '-shared-libgcc' '-mtune=generic' '-march=x86-64' '-dumpdir' 'CMakeFiles/cmTC_422c9.dir/']
  ignore line: [ /usr/lib/gcc/x86_64-pc-linux-gnu/11.3.0/cc1plus -quiet -v -D_GNU_SOURCE /usr/share/cmake/Modules/CMakeCXXCompilerABI.cpp -quiet -dumpdir CMakeFiles/cmTC_422c9.dir/ -dumpbase CMakeCXXCompilerABI.cpp.cpp -dumpbase-ext .cpp -mtune=generic -march=x86-64 -version -o /tmp/ccgjaEcc.s]
  ignore line: [GNU C++17 (GCC) version 11.3.0 (x86_64-pc-linux-gnu)]
  ignore line: [	compiled by GNU C version 11.3.0  GMP version 6.2.1  MPFR version 4.1.0-p13  MPC version 1.2.1  isl version isl-0.25-GMP]
  ignore line: []
  ignore line: [warning: MPFR header version 4.1.0-p13 differs from library version 4.1.1-p1.]
  ignore line: [GGC heuristics: --param ggc-min-expand=100 --param ggc-min-heapsize=131072]
  ignore line: [ignoring nonexistent directory "/usr/lib/gcc/x86_64-pc-linux-gnu/11.3.0/../../../../x86_64-pc-linux-gnu/include"]
  ignore line: [#include "..." search starts here:]
  ignore line: [#include <...> search starts here:]
  ignore line: [ /usr/lib/gcc/x86_64-pc-linux-gnu/11.3.0/include/c++]
  ignore line: [ /usr/lib/gcc/x86_64-pc-linux-gnu/11.3.0/include/c++/x86_64-pc-linux-gnu]
  ignore line: [ /usr/lib/gcc/x86_64-pc-linux-gnu/11.3.0/include/c++/backward]
  ignore line: [ /usr/lib/gcc/x86_64-pc-linux-gnu/11.3.0/include]
  ignore line: [ /usr/local/include]
  ignore line: [ /usr/lib/gcc/x86_64-pc-linux-gnu/11.3.0/include-fixed]
  ignore line: [ /usr/include]
  ignore line: [End of search list.]
  ignore line: [GNU C++17 (GCC) version 11.3.0 (x86_64-pc-linux-gnu)]
  ignore line: [	compiled by GNU C version 11.3.0  GMP version 6.2.1  MPFR version 4.1.0-p13  MPC version 1.2.1  isl version isl-0.25-GMP]
  ignore line: []
  ignore line: [warning: MPFR header version 4.1.0-p13 differs from library version 4.1.1-p1.]
  ignore line: [GGC heuristics: --param ggc-min-expand=100 --param ggc-min-heapsize=131072]
  ignore line: [Compiler executable checksum: 791c84543fdb58be608c5c73fdc6fea3]
  ignore line: [COLLECT_GCC_OPTIONS='-v' '-o' 'CMakeFiles/cmTC_422c9.dir/CMakeCXXCompilerABI.cpp.o' '-c' '-shared-libgcc' '-mtune=generic' '-march=x86-64' '-dumpdir' 'CMakeFiles/cmTC_422c9.dir/']
  ignore line: [ as -v --64 -o CMakeFiles/cmTC_422c9.dir/CMakeCXXCompilerABI.cpp.o /tmp/ccgjaEcc.s]
  ignore line: [GNU assembler version 2.39.0 (x86_64-pc-linux-gnu) using BFD version (GNU Binutils) 2.39.0]
  ignore line: [COMPILER_PATH=/usr/lib/gcc/x86_64-pc-linux-gnu/11.3.0/:/usr/lib/gcc/x86_64-pc-linux-gnu/11.3.0/:/usr/lib/gcc/x86_64-pc-linux-gnu/:/usr/lib/gcc/x86_64-pc-linux-gnu/11.3.0/:/usr/lib/gcc/x86_64-pc-linux-gnu/]
  ignore line: [LIBRARY_PATH=/usr/lib/gcc/x86_64-pc-linux-gnu/11.3.0/:/usr/lib/gcc/x86_64-pc-linux-gnu/11.3.0/../../../../lib/:/lib/../lib/:/usr/lib/../lib/:/usr/lib/gcc/x86_64-pc-linux-gnu/11.3.0/../../../:/lib/:/usr/lib/]
  ignore line: [COLLECT_GCC_OPTIONS='-v' '-o' 'CMakeFiles/cmTC_422c9.dir/CMakeCXXCompilerABI.cpp.o' '-c' '-shared-libgcc' '-mtune=generic' '-march=x86-64' '-dumpdir' 'CMakeFiles/cmTC_422c9.dir/CMakeCXXCompilerABI.cpp.']
  ignore line: [Linking CXX executable cmTC_422c9]
  ignore line: [/usr/bin/cmake -E cmake_link_script CMakeFiles/cmTC_422c9.dir/link.txt --verbose=1]
  ignore line: [/opt/cuda/bin/g++  -v CMakeFiles/cmTC_422c9.dir/CMakeCXXCompilerABI.cpp.o -o cmTC_422c9 ]
  ignore line: [Using built-in specs.]
  ignore line: [COLLECT_GCC=/opt/cuda/bin/g++]
  ignore line: [COLLECT_LTO_WRAPPER=/usr/lib/gcc/x86_64-pc-linux-gnu/11.3.0/lto-wrapper]
  ignore line: [Target: x86_64-pc-linux-gnu]
  ignore line: [Configured with: /build/gcc11/src/gcc/configure --enable-languages=c c++ fortran lto --enable-bootstrap --prefix=/usr --libdir=/usr/lib --libexecdir=/usr/lib --mandir=/usr/share/man --infodir=/usr/share/info --with-bugurl=https://bugs.archlinux.org/ --with-linker-hash-style=gnu --with-system-zlib --enable-__cxa_atexit --enable-cet=auto --enable-checking=release --enable-clocale=gnu --enable-default-pie --enable-default-ssp --enable-gnu-indirect-function --enable-gnu-unique-object --enable-linker-build-id --enable-lto --enable-plugin --enable-shared --enable-threads=posix --disable-libssp --disable-libstdcxx-pch --disable-werror --with-build-config=bootstrap-lto --enable-link-serialization=1 --program-suffix=-11 --enable-version-specific-runtime-libs --disable-multilib]
  ignore line: [Thread model: posix]
  ignore line: [Supported LTO compression algorithms: zlib zstd]
  ignore line: [gcc version 11.3.0 (GCC) ]
  ignore line: [COMPILER_PATH=/usr/lib/gcc/x86_64-pc-linux-gnu/11.3.0/:/usr/lib/gcc/x86_64-pc-linux-gnu/11.3.0/:/usr/lib/gcc/x86_64-pc-linux-gnu/:/usr/lib/gcc/x86_64-pc-linux-gnu/11.3.0/:/usr/lib/gcc/x86_64-pc-linux-gnu/]
  ignore line: [LIBRARY_PATH=/usr/lib/gcc/x86_64-pc-linux-gnu/11.3.0/:/usr/lib/gcc/x86_64-pc-linux-gnu/11.3.0/../../../../lib/:/lib/../lib/:/usr/lib/../lib/:/usr/lib/gcc/x86_64-pc-linux-gnu/11.3.0/../../../:/lib/:/usr/lib/]
  ignore line: [COLLECT_GCC_OPTIONS='-v' '-o' 'cmTC_422c9' '-shared-libgcc' '-mtune=generic' '-march=x86-64' '-dumpdir' 'cmTC_422c9.']
  link line: [ /usr/lib/gcc/x86_64-pc-linux-gnu/11.3.0/collect2 -plugin /usr/lib/gcc/x86_64-pc-linux-gnu/11.3.0/liblto_plugin.so -plugin-opt=/usr/lib/gcc/x86_64-pc-linux-gnu/11.3.0/lto-wrapper -plugin-opt=-fresolution=/tmp/ccIig6TP.res -plugin-opt=-pass-through=-lgcc_s -plugin-opt=-pass-through=-lgcc -plugin-opt=-pass-through=-lc -plugin-opt=-pass-through=-lgcc_s -plugin-opt=-pass-through=-lgcc --build-id --eh-frame-hdr --hash-style=gnu -m elf_x86_64 -dynamic-linker /lib64/ld-linux-x86-64.so.2 -pie -o cmTC_422c9 /usr/lib/gcc/x86_64-pc-linux-gnu/11.3.0/../../../../lib/Scrt1.o /usr/lib/gcc/x86_64-pc-linux-gnu/11.3.0/../../../../lib/crti.o /usr/lib/gcc/x86_64-pc-linux-gnu/11.3.0/crtbeginS.o -L/usr/lib/gcc/x86_64-pc-linux-gnu/11.3.0 -L/usr/lib/gcc/x86_64-pc-linux-gnu/11.3.0/../../../../lib -L/lib/../lib -L/usr/lib/../lib -L/usr/lib/gcc/x86_64-pc-linux-gnu/11.3.0/../../.. CMakeFiles/cmTC_422c9.dir/CMakeCXXCompilerABI.cpp.o -lstdc++ -lm -lgcc_s -lgcc -lc -lgcc_s -lgcc /usr/lib/gcc/x86_64-pc-linux-gnu/11.3.0/crtendS.o /usr/lib/gcc/x86_64-pc-linux-gnu/11.3.0/../../../../lib/crtn.o]
    arg [/usr/lib/gcc/x86_64-pc-linux-gnu/11.3.0/collect2] ==> ignore
    arg [-plugin] ==> ignore
    arg [/usr/lib/gcc/x86_64-pc-linux-gnu/11.3.0/liblto_plugin.so] ==> ignore
    arg [-plugin-opt=/usr/lib/gcc/x86_64-pc-linux-gnu/11.3.0/lto-wrapper] ==> ignore
    arg [-plugin-opt=-fresolution=/tmp/ccIig6TP.res] ==> ignore
    arg [-plugin-opt=-pass-through=-lgcc_s] ==> ignore
    arg [-plugin-opt=-pass-through=-lgcc] ==> ignore
    arg [-plugin-opt=-pass-through=-lc] ==> ignore
    arg [-plugin-opt=-pass-through=-lgcc_s] ==> ignore
    arg [-plugin-opt=-pass-through=-lgcc] ==> ignore
    arg [--build-id] ==> ignore
    arg [--eh-frame-hdr] ==> ignore
    arg [--hash-style=gnu] ==> ignore
    arg [-m] ==> ignore
    arg [elf_x86_64] ==> ignore
    arg [-dynamic-linker] ==> ignore
    arg [/lib64/ld-linux-x86-64.so.2] ==> ignore
    arg [-pie] ==> ignore
    arg [-o] ==> ignore
    arg [cmTC_422c9] ==> ignore
    arg [/usr/lib/gcc/x86_64-pc-linux-gnu/11.3.0/../../../../lib/Scrt1.o] ==> obj [/usr/lib/gcc/x86_64-pc-linux-gnu/11.3.0/../../../../lib/Scrt1.o]
    arg [/usr/lib/gcc/x86_64-pc-linux-gnu/11.3.0/../../../../lib/crti.o] ==> obj [/usr/lib/gcc/x86_64-pc-linux-gnu/11.3.0/../../../../lib/crti.o]
    arg [/usr/lib/gcc/x86_64-pc-linux-gnu/11.3.0/crtbeginS.o] ==> obj [/usr/lib/gcc/x86_64-pc-linux-gnu/11.3.0/crtbeginS.o]
    arg [-L/usr/lib/gcc/x86_64-pc-linux-gnu/11.3.0] ==> dir [/usr/lib/gcc/x86_64-pc-linux-gnu/11.3.0]
    arg [-L/usr/lib/gcc/x86_64-pc-linux-gnu/11.3.0/../../../../lib] ==> dir [/usr/lib/gcc/x86_64-pc-linux-gnu/11.3.0/../../../../lib]
    arg [-L/lib/../lib] ==> dir [/lib/../lib]
    arg [-L/usr/lib/../lib] ==> dir [/usr/lib/../lib]
    arg [-L/usr/lib/gcc/x86_64-pc-linux-gnu/11.3.0/../../..] ==> dir [/usr/lib/gcc/x86_64-pc-linux-gnu/11.3.0/../../..]
    arg [CMakeFiles/cmTC_422c9.dir/CMakeCXXCompilerABI.cpp.o] ==> ignore
    arg [-lstdc++] ==> lib [stdc++]
    arg [-lm] ==> lib [m]
    arg [-lgcc_s] ==> lib [gcc_s]
    arg [-lgcc] ==> lib [gcc]
    arg [-lc] ==> lib [c]
    arg [-lgcc_s] ==> lib [gcc_s]
    arg [-lgcc] ==> lib [gcc]
    arg [/usr/lib/gcc/x86_64-pc-linux-gnu/11.3.0/crtendS.o] ==> obj [/usr/lib/gcc/x86_64-pc-linux-gnu/11.3.0/crtendS.o]
    arg [/usr/lib/gcc/x86_64-pc-linux-gnu/11.3.0/../../../../lib/crtn.o] ==> obj [/usr/lib/gcc/x86_64-pc-linux-gnu/11.3.0/../../../../lib/crtn.o]
  collapse obj [/usr/lib/gcc/x86_64-pc-linux-gnu/11.3.0/../../../../lib/Scrt1.o] ==> [/usr/lib/Scrt1.o]
  collapse obj [/usr/lib/gcc/x86_64-pc-linux-gnu/11.3.0/../../../../lib/crti.o] ==> [/usr/lib/crti.o]
  collapse obj [/usr/lib/gcc/x86_64-pc-linux-gnu/11.3.0/../../../../lib/crtn.o] ==> [/usr/lib/crtn.o]
  collapse library dir [/usr/lib/gcc/x86_64-pc-linux-gnu/11.3.0] ==> [/usr/lib/gcc/x86_64-pc-linux-gnu/11.3.0]
  collapse library dir [/usr/lib/gcc/x86_64-pc-linux-gnu/11.3.0/../../../../lib] ==> [/usr/lib]
  collapse library dir [/lib/../lib] ==> [/lib]
  collapse library dir [/usr/lib/../lib] ==> [/usr/lib]
  collapse library dir [/usr/lib/gcc/x86_64-pc-linux-gnu/11.3.0/../../..] ==> [/usr/lib]
  implicit libs: [stdc++;m;gcc_s;gcc;c;gcc_s;gcc]
  implicit objs: [/usr/lib/Scrt1.o;/usr/lib/crti.o;/usr/lib/gcc/x86_64-pc-linux-gnu/11.3.0/crtbeginS.o;/usr/lib/gcc/x86_64-pc-linux-gnu/11.3.0/crtendS.o;/usr/lib/crtn.o]
  implicit dirs: [/usr/lib/gcc/x86_64-pc-linux-gnu/11.3.0;/usr/lib;/lib]
  implicit fwks: []


The system is: Linux - 5.15.89-1-MANJARO - x86_64
Compiling the C compiler identification source file "CMakeCCompilerId.c" succeeded.
Compiler: /opt/cuda/bin/gcc 
Build flags: 
Id flags:  

The output was:
0


Compilation of the C compiler identification source "CMakeCCompilerId.c" produced "a.out"

The C compiler identification is GNU, found in "/home/baran/Work/code/trekker/build/CMakeFiles/3.25.2/CompilerIdC/a.out"

Compiling the CXX compiler identification source file "CMakeCXXCompilerId.cpp" succeeded.
Compiler: /opt/cuda/bin/g++ 
Build flags: 
Id flags:  

The output was:
0


Compilation of the CXX compiler identification source "CMakeCXXCompilerId.cpp" produced "a.out"

The CXX compiler identification is GNU, found in "/home/baran/Work/code/trekker/build/CMakeFiles/3.25.2/CompilerIdCXX/a.out"

Detecting C compiler ABI info compiled with the following output:
Change Dir: /home/baran/Work/code/trekker/build/CMakeFiles/CMakeScratch/TryCompile-H5HaA7

Run Build Command(s):/usr/bin/make -f Makefile cmTC_0ce9b/fast && /usr/bin/make  -f CMakeFiles/cmTC_0ce9b.dir/build.make CMakeFiles/cmTC_0ce9b.dir/build
make[1]: Entering directory '/home/baran/Work/code/trekker/build/CMakeFiles/CMakeScratch/TryCompile-H5HaA7'
Building C object CMakeFiles/cmTC_0ce9b.dir/CMakeCCompilerABI.c.o
/opt/cuda/bin/gcc   -v -o CMakeFiles/cmTC_0ce9b.dir/CMakeCCompilerABI.c.o -c /usr/share/cmake/Modules/CMakeCCompilerABI.c
Using built-in specs.
COLLECT_GCC=/opt/cuda/bin/gcc
Target: x86_64-pc-linux-gnu
Configured with: /build/gcc11/src/gcc/configure --enable-languages=c,c++,fortran,lto --enable-bootstrap --prefix=/usr --libdir=/usr/lib --libexecdir=/usr/lib --mandir=/usr/share/man --infodir=/usr/share/info --with-bugurl=https://bugs.archlinux.org/ --with-linker-hash-style=gnu --with-system-zlib --enable-__cxa_atexit --enable-cet=auto --enable-checking=release --enable-clocale=gnu --enable-default-pie --enable-default-ssp --enable-gnu-indirect-function --enable-gnu-unique-object --enable-linker-build-id --enable-lto --enable-plugin --enable-shared --enable-threads=posix --disable-libssp --disable-libstdcxx-pch --disable-werror --with-build-config=bootstrap-lto --enable-link-serialization=1 --program-suffix=-11 --enable-version-specific-runtime-libs --disable-multilib
Thread model: posix
Supported LTO compression algorithms: zlib zstd
gcc version 11.3.0 (GCC) 
COLLECT_GCC_OPTIONS='-v' '-o' 'CMakeFiles/cmTC_0ce9b.dir/CMakeCCompilerABI.c.o' '-c' '-mtune=generic' '-march=x86-64' '-dumpdir' 'CMakeFiles/cmTC_0ce9b.dir/'
 /usr/lib/gcc/x86_64-pc-linux-gnu/11.3.0/cc1 -quiet -v /usr/share/cmake/Modules/CMakeCCompilerABI.c -quiet -dumpdir CMakeFiles/cmTC_0ce9b.dir/ -dumpbase CMakeCCompilerABI.c.c -dumpbase-ext .c -mtune=generic -march=x86-64 -version -o /tmp/cctuctuJ.s
GNU C17 (GCC) version 11.3.0 (x86_64-pc-linux-gnu)
	compiled by GNU C version 11.3.0, GMP version 6.2.1, MPFR version 4.1.1-p1, MPC version 1.2.1, isl version isl-0.25-GMP

warning: MPFR header version 4.1.1-p1 differs from library version 4.2.0.
warning: MPC header version 1.2.1 differs from library version 1.3.1.
GGC heuristics: --param ggc-min-expand=100 --param ggc-min-heapsize=131072
ignoring nonexistent directory "/usr/lib/gcc/x86_64-pc-linux-gnu/11.3.0/../../../../x86_64-pc-linux-gnu/include"
#include "..." search starts here:
#include <...> search starts here:
 /usr/lib/gcc/x86_64-pc-linux-gnu/11.3.0/include
 /usr/local/include
 /usr/lib/gcc/x86_64-pc-linux-gnu/11.3.0/include-fixed
 /usr/include
End of search list.
GNU C17 (GCC) version 11.3.0 (x86_64-pc-linux-gnu)
	compiled by GNU C version 11.3.0, GMP version 6.2.1, MPFR version 4.1.1-p1, MPC version 1.2.1, isl version isl-0.25-GMP

warning: MPFR header version 4.1.1-p1 differs from library version 4.2.0.
warning: MPC header version 1.2.1 differs from library version 1.3.1.
GGC heuristics: --param ggc-min-expand=100 --param ggc-min-heapsize=131072
Compiler executable checksum: 512d5fe01ab539cc3fdd0e179f65ea43
COLLECT_GCC_OPTIONS='-v' '-o' 'CMakeFiles/cmTC_0ce9b.dir/CMakeCCompilerABI.c.o' '-c' '-mtune=generic' '-march=x86-64' '-dumpdir' 'CMakeFiles/cmTC_0ce9b.dir/'
 as -v --64 -o CMakeFiles/cmTC_0ce9b.dir/CMakeCCompilerABI.c.o /tmp/cctuctuJ.s
GNU assembler version 2.40 (x86_64-pc-linux-gnu) using BFD version (GNU Binutils) 2.40
COMPILER_PATH=/usr/lib/gcc/x86_64-pc-linux-gnu/11.3.0/:/usr/lib/gcc/x86_64-pc-linux-gnu/11.3.0/:/usr/lib/gcc/x86_64-pc-linux-gnu/:/usr/lib/gcc/x86_64-pc-linux-gnu/11.3.0/:/usr/lib/gcc/x86_64-pc-linux-gnu/
LIBRARY_PATH=/usr/lib/gcc/x86_64-pc-linux-gnu/11.3.0/:/usr/lib/gcc/x86_64-pc-linux-gnu/11.3.0/../../../../lib/:/lib/../lib/:/usr/lib/../lib/:/usr/lib/gcc/x86_64-pc-linux-gnu/11.3.0/../../../:/lib/:/usr/lib/
COLLECT_GCC_OPTIONS='-v' '-o' 'CMakeFiles/cmTC_0ce9b.dir/CMakeCCompilerABI.c.o' '-c' '-mtune=generic' '-march=x86-64' '-dumpdir' 'CMakeFiles/cmTC_0ce9b.dir/CMakeCCompilerABI.c.'
Linking C executable cmTC_0ce9b
/usr/bin/cmake -E cmake_link_script CMakeFiles/cmTC_0ce9b.dir/link.txt --verbose=1
/opt/cuda/bin/gcc  -v CMakeFiles/cmTC_0ce9b.dir/CMakeCCompilerABI.c.o -o cmTC_0ce9b 
Using built-in specs.
COLLECT_GCC=/opt/cuda/bin/gcc
COLLECT_LTO_WRAPPER=/usr/lib/gcc/x86_64-pc-linux-gnu/11.3.0/lto-wrapper
Target: x86_64-pc-linux-gnu
Configured with: /build/gcc11/src/gcc/configure --enable-languages=c,c++,fortran,lto --enable-bootstrap --prefix=/usr --libdir=/usr/lib --libexecdir=/usr/lib --mandir=/usr/share/man --infodir=/usr/share/info --with-bugurl=https://bugs.archlinux.org/ --with-linker-hash-style=gnu --with-system-zlib --enable-__cxa_atexit --enable-cet=auto --enable-checking=release --enable-clocale=gnu --enable-default-pie --enable-default-ssp --enable-gnu-indirect-function --enable-gnu-unique-object --enable-linker-build-id --enable-lto --enable-plugin --enable-shared --enable-threads=posix --disable-libssp --disable-libstdcxx-pch --disable-werror --with-build-config=bootstrap-lto --enable-link-serialization=1 --program-suffix=-11 --enable-version-specific-runtime-libs --disable-multilib
Thread model: posix
Supported LTO compression algorithms: zlib zstd
gcc version 11.3.0 (GCC) 
COMPILER_PATH=/usr/lib/gcc/x86_64-pc-linux-gnu/11.3.0/:/usr/lib/gcc/x86_64-pc-linux-gnu/11.3.0/:/usr/lib/gcc/x86_64-pc-linux-gnu/:/usr/lib/gcc/x86_64-pc-linux-gnu/11.3.0/:/usr/lib/gcc/x86_64-pc-linux-gnu/
LIBRARY_PATH=/usr/lib/gcc/x86_64-pc-linux-gnu/11.3.0/:/usr/lib/gcc/x86_64-pc-linux-gnu/11.3.0/../../../../lib/:/lib/../lib/:/usr/lib/../lib/:/usr/lib/gcc/x86_64-pc-linux-gnu/11.3.0/../../../:/lib/:/usr/lib/
COLLECT_GCC_OPTIONS='-v' '-o' 'cmTC_0ce9b' '-mtune=generic' '-march=x86-64' '-dumpdir' 'cmTC_0ce9b.'
 /usr/lib/gcc/x86_64-pc-linux-gnu/11.3.0/collect2 -plugin /usr/lib/gcc/x86_64-pc-linux-gnu/11.3.0/liblto_plugin.so -plugin-opt=/usr/lib/gcc/x86_64-pc-linux-gnu/11.3.0/lto-wrapper -plugin-opt=-fresolution=/tmp/ccEAG5BN.res -plugin-opt=-pass-through=-lgcc -plugin-opt=-pass-through=-lgcc_s -plugin-opt=-pass-through=-lc -plugin-opt=-pass-through=-lgcc -plugin-opt=-pass-through=-lgcc_s --build-id --eh-frame-hdr --hash-style=gnu -m elf_x86_64 -dynamic-linker /lib64/ld-linux-x86-64.so.2 -pie -o cmTC_0ce9b /usr/lib/gcc/x86_64-pc-linux-gnu/11.3.0/../../../../lib/Scrt1.o /usr/lib/gcc/x86_64-pc-linux-gnu/11.3.0/../../../../lib/crti.o /usr/lib/gcc/x86_64-pc-linux-gnu/11.3.0/crtbeginS.o -L/usr/lib/gcc/x86_64-pc-linux-gnu/11.3.0 -L/usr/lib/gcc/x86_64-pc-linux-gnu/11.3.0/../../../../lib -L/lib/../lib -L/usr/lib/../lib -L/usr/lib/gcc/x86_64-pc-linux-gnu/11.3.0/../../.. CMakeFiles/cmTC_0ce9b.dir/CMakeCCompilerABI.c.o -lgcc --push-state --as-needed -lgcc_s --pop-state -lc -lgcc --push-state --as-needed -lgcc_s --pop-state /usr/lib/gcc/x86_64-pc-linux-gnu/11.3.0/crtendS.o /usr/lib/gcc/x86_64-pc-linux-gnu/11.3.0/../../../../lib/crtn.o
COLLECT_GCC_OPTIONS='-v' '-o' 'cmTC_0ce9b' '-mtune=generic' '-march=x86-64' '-dumpdir' 'cmTC_0ce9b.'
make[1]: Leaving directory '/home/baran/Work/code/trekker/build/CMakeFiles/CMakeScratch/TryCompile-H5HaA7'



Parsed C implicit include dir info from above output: rv=done
  found start of include info
  found start of implicit include info
    add: [/usr/lib/gcc/x86_64-pc-linux-gnu/11.3.0/include]
    add: [/usr/local/include]
    add: [/usr/lib/gcc/x86_64-pc-linux-gnu/11.3.0/include-fixed]
    add: [/usr/include]
  end of search list found
  collapse include dir [/usr/lib/gcc/x86_64-pc-linux-gnu/11.3.0/include] ==> [/usr/lib/gcc/x86_64-pc-linux-gnu/11.3.0/include]
  collapse include dir [/usr/local/include] ==> [/usr/local/include]
  collapse include dir [/usr/lib/gcc/x86_64-pc-linux-gnu/11.3.0/include-fixed] ==> [/usr/lib/gcc/x86_64-pc-linux-gnu/11.3.0/include-fixed]
  collapse include dir [/usr/include] ==> [/usr/include]
  implicit include dirs: [/usr/lib/gcc/x86_64-pc-linux-gnu/11.3.0/include;/usr/local/include;/usr/lib/gcc/x86_64-pc-linux-gnu/11.3.0/include-fixed;/usr/include]


Parsed C implicit link information from above output:
  link line regex: [^( *|.*[/\])(ld|CMAKE_LINK_STARTFILE-NOTFOUND|([^/\]+-)?ld|collect2)[^/\]*( |$)]
  ignore line: [Change Dir: /home/baran/Work/code/trekker/build/CMakeFiles/CMakeScratch/TryCompile-H5HaA7]
  ignore line: []
  ignore line: [Run Build Command(s):/usr/bin/make -f Makefile cmTC_0ce9b/fast && /usr/bin/make  -f CMakeFiles/cmTC_0ce9b.dir/build.make CMakeFiles/cmTC_0ce9b.dir/build]
  ignore line: [make[1]: Entering directory '/home/baran/Work/code/trekker/build/CMakeFiles/CMakeScratch/TryCompile-H5HaA7']
  ignore line: [Building C object CMakeFiles/cmTC_0ce9b.dir/CMakeCCompilerABI.c.o]
  ignore line: [/opt/cuda/bin/gcc   -v -o CMakeFiles/cmTC_0ce9b.dir/CMakeCCompilerABI.c.o -c /usr/share/cmake/Modules/CMakeCCompilerABI.c]
  ignore line: [Using built-in specs.]
  ignore line: [COLLECT_GCC=/opt/cuda/bin/gcc]
  ignore line: [Target: x86_64-pc-linux-gnu]
  ignore line: [Configured with: /build/gcc11/src/gcc/configure --enable-languages=c c++ fortran lto --enable-bootstrap --prefix=/usr --libdir=/usr/lib --libexecdir=/usr/lib --mandir=/usr/share/man --infodir=/usr/share/info --with-bugurl=https://bugs.archlinux.org/ --with-linker-hash-style=gnu --with-system-zlib --enable-__cxa_atexit --enable-cet=auto --enable-checking=release --enable-clocale=gnu --enable-default-pie --enable-default-ssp --enable-gnu-indirect-function --enable-gnu-unique-object --enable-linker-build-id --enable-lto --enable-plugin --enable-shared --enable-threads=posix --disable-libssp --disable-libstdcxx-pch --disable-werror --with-build-config=bootstrap-lto --enable-link-serialization=1 --program-suffix=-11 --enable-version-specific-runtime-libs --disable-multilib]
  ignore line: [Thread model: posix]
  ignore line: [Supported LTO compression algorithms: zlib zstd]
  ignore line: [gcc version 11.3.0 (GCC) ]
  ignore line: [COLLECT_GCC_OPTIONS='-v' '-o' 'CMakeFiles/cmTC_0ce9b.dir/CMakeCCompilerABI.c.o' '-c' '-mtune=generic' '-march=x86-64' '-dumpdir' 'CMakeFiles/cmTC_0ce9b.dir/']
  ignore line: [ /usr/lib/gcc/x86_64-pc-linux-gnu/11.3.0/cc1 -quiet -v /usr/share/cmake/Modules/CMakeCCompilerABI.c -quiet -dumpdir CMakeFiles/cmTC_0ce9b.dir/ -dumpbase CMakeCCompilerABI.c.c -dumpbase-ext .c -mtune=generic -march=x86-64 -version -o /tmp/cctuctuJ.s]
  ignore line: [GNU C17 (GCC) version 11.3.0 (x86_64-pc-linux-gnu)]
  ignore line: [	compiled by GNU C version 11.3.0  GMP version 6.2.1  MPFR version 4.1.1-p1  MPC version 1.2.1  isl version isl-0.25-GMP]
  ignore line: []
  ignore line: [warning: MPFR header version 4.1.1-p1 differs from library version 4.2.0.]
  ignore line: [warning: MPC header version 1.2.1 differs from library version 1.3.1.]
  ignore line: [GGC heuristics: --param ggc-min-expand=100 --param ggc-min-heapsize=131072]
  ignore line: [ignoring nonexistent directory "/usr/lib/gcc/x86_64-pc-linux-gnu/11.3.0/../../../../x86_64-pc-linux-gnu/include"]
  ignore line: [#include "..." search starts here:]
  ignore line: [#include <...> search starts here:]
  ignore line: [ /usr/lib/gcc/x86_64-pc-linux-gnu/11.3.0/include]
  ignore line: [ /usr/local/include]
  ignore line: [ /usr/lib/gcc/x86_64-pc-linux-gnu/11.3.0/include-fixed]
  ignore line: [ /usr/include]
  ignore line: [End of search list.]
  ignore line: [GNU C17 (GCC) version 11.3.0 (x86_64-pc-linux-gnu)]
  ignore line: [	compiled by GNU C version 11.3.0  GMP version 6.2.1  MPFR version 4.1.1-p1  MPC version 1.2.1  isl version isl-0.25-GMP]
  ignore line: []
  ignore line: [warning: MPFR header version 4.1.1-p1 differs from library version 4.2.0.]
  ignore line: [warning: MPC header version 1.2.1 differs from library version 1.3.1.]
  ignore line: [GGC heuristics: --param ggc-min-expand=100 --param ggc-min-heapsize=131072]
  ignore line: [Compiler executable checksum: 512d5fe01ab539cc3fdd0e179f65ea43]
  ignore line: [COLLECT_GCC_OPTIONS='-v' '-o' 'CMakeFiles/cmTC_0ce9b.dir/CMakeCCompilerABI.c.o' '-c' '-mtune=generic' '-march=x86-64' '-dumpdir' 'CMakeFiles/cmTC_0ce9b.dir/']
  ignore line: [ as -v --64 -o CMakeFiles/cmTC_0ce9b.dir/CMakeCCompilerABI.c.o /tmp/cctuctuJ.s]
  ignore line: [GNU assembler version 2.40 (x86_64-pc-linux-gnu) using BFD version (GNU Binutils) 2.40]
  ignore line: [COMPILER_PATH=/usr/lib/gcc/x86_64-pc-linux-gnu/11.3.0/:/usr/lib/gcc/x86_64-pc-linux-gnu/11.3.0/:/usr/lib/gcc/x86_64-pc-linux-gnu/:/usr/lib/gcc/x86_64-pc-linux-gnu/11.3.0/:/usr/lib/gcc/x86_64-pc-linux-gnu/]
  ignore line: [LIBRARY_PATH=/usr/lib/gcc/x86_64-pc-linux-gnu/11.3.0/:/usr/lib/gcc/x86_64-pc-linux-gnu/11.3.0/../../../../lib/:/lib/../lib/:/usr/lib/../lib/:/usr/lib/gcc/x86_64-pc-linux-gnu/11.3.0/../../../:/lib/:/usr/lib/]
  ignore line: [COLLECT_GCC_OPTIONS='-v' '-o' 'CMakeFiles/cmTC_0ce9b.dir/CMakeCCompilerABI.c.o' '-c' '-mtune=generic' '-march=x86-64' '-dumpdir' 'CMakeFiles/cmTC_0ce9b.dir/CMakeCCompilerABI.c.']
  ignore line: [Linking C executable cmTC_0ce9b]
  ignore line: [/usr/bin/cmake -E cmake_link_script CMakeFiles/cmTC_0ce9b.dir/link.txt --verbose=1]
  ignore line: [/opt/cuda/bin/gcc  -v CMakeFiles/cmTC_0ce9b.dir/CMakeCCompilerABI.c.o -o cmTC_0ce9b ]
  ignore line: [Using built-in specs.]
  ignore line: [COLLECT_GCC=/opt/cuda/bin/gcc]
  ignore line: [COLLECT_LTO_WRAPPER=/usr/lib/gcc/x86_64-pc-linux-gnu/11.3.0/lto-wrapper]
  ignore line: [Target: x86_64-pc-linux-gnu]
  ignore line: [Configured with: /build/gcc11/src/gcc/configure --enable-languages=c c++ fortran lto --enable-bootstrap --prefix=/usr --libdir=/usr/lib --libexecdir=/usr/lib --mandir=/usr/share/man --infodir=/usr/share/info --with-bugurl=https://bugs.archlinux.org/ --with-linker-hash-style=gnu --with-system-zlib --enable-__cxa_atexit --enable-cet=auto --enable-checking=release --enable-clocale=gnu --enable-default-pie --enable-default-ssp --enable-gnu-indirect-function --enable-gnu-unique-object --enable-linker-build-id --enable-lto --enable-plugin --enable-shared --enable-threads=posix --disable-libssp --disable-libstdcxx-pch --disable-werror --with-build-config=bootstrap-lto --enable-link-serialization=1 --program-suffix=-11 --enable-version-specific-runtime-libs --disable-multilib]
  ignore line: [Thread model: posix]
  ignore line: [Supported LTO compression algorithms: zlib zstd]
  ignore line: [gcc version 11.3.0 (GCC) ]
  ignore line: [COMPILER_PATH=/usr/lib/gcc/x86_64-pc-linux-gnu/11.3.0/:/usr/lib/gcc/x86_64-pc-linux-gnu/11.3.0/:/usr/lib/gcc/x86_64-pc-linux-gnu/:/usr/lib/gcc/x86_64-pc-linux-gnu/11.3.0/:/usr/lib/gcc/x86_64-pc-linux-gnu/]
  ignore line: [LIBRARY_PATH=/usr/lib/gcc/x86_64-pc-linux-gnu/11.3.0/:/usr/lib/gcc/x86_64-pc-linux-gnu/11.3.0/../../../../lib/:/lib/../lib/:/usr/lib/../lib/:/usr/lib/gcc/x86_64-pc-linux-gnu/11.3.0/../../../:/lib/:/usr/lib/]
  ignore line: [COLLECT_GCC_OPTIONS='-v' '-o' 'cmTC_0ce9b' '-mtune=generic' '-march=x86-64' '-dumpdir' 'cmTC_0ce9b.']
  link line: [ /usr/lib/gcc/x86_64-pc-linux-gnu/11.3.0/collect2 -plugin /usr/lib/gcc/x86_64-pc-linux-gnu/11.3.0/liblto_plugin.so -plugin-opt=/usr/lib/gcc/x86_64-pc-linux-gnu/11.3.0/lto-wrapper -plugin-opt=-fresolution=/tmp/ccEAG5BN.res -plugin-opt=-pass-through=-lgcc -plugin-opt=-pass-through=-lgcc_s -plugin-opt=-pass-through=-lc -plugin-opt=-pass-through=-lgcc -plugin-opt=-pass-through=-lgcc_s --build-id --eh-frame-hdr --hash-style=gnu -m elf_x86_64 -dynamic-linker /lib64/ld-linux-x86-64.so.2 -pie -o cmTC_0ce9b /usr/lib/gcc/x86_64-pc-linux-gnu/11.3.0/../../../../lib/Scrt1.o /usr/lib/gcc/x86_64-pc-linux-gnu/11.3.0/../../../../lib/crti.o /usr/lib/gcc/x86_64-pc-linux-gnu/11.3.0/crtbeginS.o -L/usr/lib/gcc/x86_64-pc-linux-gnu/11.3.0 -L/usr/lib/gcc/x86_64-pc-linux-gnu/11.3.0/../../../../lib -L/lib/../lib -L/usr/lib/../lib -L/usr/lib/gcc/x86_64-pc-linux-gnu/11.3.0/../../.. CMakeFiles/cmTC_0ce9b.dir/CMakeCCompilerABI.c.o -lgcc --push-state --as-needed -lgcc_s --pop-state -lc -lgcc --push-state --as-needed -lgcc_s --pop-state /usr/lib/gcc/x86_64-pc-linux-gnu/11.3.0/crtendS.o /usr/lib/gcc/x86_64-pc-linux-gnu/11.3.0/../../../../lib/crtn.o]
    arg [/usr/lib/gcc/x86_64-pc-linux-gnu/11.3.0/collect2] ==> ignore
    arg [-plugin] ==> ignore
    arg [/usr/lib/gcc/x86_64-pc-linux-gnu/11.3.0/liblto_plugin.so] ==> ignore
    arg [-plugin-opt=/usr/lib/gcc/x86_64-pc-linux-gnu/11.3.0/lto-wrapper] ==> ignore
    arg [-plugin-opt=-fresolution=/tmp/ccEAG5BN.res] ==> ignore
    arg [-plugin-opt=-pass-through=-lgcc] ==> ignore
    arg [-plugin-opt=-pass-through=-lgcc_s] ==> ignore
    arg [-plugin-opt=-pass-through=-lc] ==> ignore
    arg [-plugin-opt=-pass-through=-lgcc] ==> ignore
    arg [-plugin-opt=-pass-through=-lgcc_s] ==> ignore
    arg [--build-id] ==> ignore
    arg [--eh-frame-hdr] ==> ignore
    arg [--hash-style=gnu] ==> ignore
    arg [-m] ==> ignore
    arg [elf_x86_64] ==> ignore
    arg [-dynamic-linker] ==> ignore
    arg [/lib64/ld-linux-x86-64.so.2] ==> ignore
    arg [-pie] ==> ignore
    arg [-o] ==> ignore
    arg [cmTC_0ce9b] ==> ignore
    arg [/usr/lib/gcc/x86_64-pc-linux-gnu/11.3.0/../../../../lib/Scrt1.o] ==> obj [/usr/lib/gcc/x86_64-pc-linux-gnu/11.3.0/../../../../lib/Scrt1.o]
    arg [/usr/lib/gcc/x86_64-pc-linux-gnu/11.3.0/../../../../lib/crti.o] ==> obj [/usr/lib/gcc/x86_64-pc-linux-gnu/11.3.0/../../../../lib/crti.o]
    arg [/usr/lib/gcc/x86_64-pc-linux-gnu/11.3.0/crtbeginS.o] ==> obj [/usr/lib/gcc/x86_64-pc-linux-gnu/11.3.0/crtbeginS.o]
    arg [-L/usr/lib/gcc/x86_64-pc-linux-gnu/11.3.0] ==> dir [/usr/lib/gcc/x86_64-pc-linux-gnu/11.3.0]
    arg [-L/usr/lib/gcc/x86_64-pc-linux-gnu/11.3.0/../../../../lib] ==> dir [/usr/lib/gcc/x86_64-pc-linux-gnu/11.3.0/../../../../lib]
    arg [-L/lib/../lib] ==> dir [/lib/../lib]
    arg [-L/usr/lib/../lib] ==> dir [/usr/lib/../lib]
    arg [-L/usr/lib/gcc/x86_64-pc-linux-gnu/11.3.0/../../..] ==> dir [/usr/lib/gcc/x86_64-pc-linux-gnu/11.3.0/../../..]
    arg [CMakeFiles/cmTC_0ce9b.dir/CMakeCCompilerABI.c.o] ==> ignore
    arg [-lgcc] ==> lib [gcc]
    arg [--push-state] ==> ignore
    arg [--as-needed] ==> ignore
    arg [-lgcc_s] ==> lib [gcc_s]
    arg [--pop-state] ==> ignore
    arg [-lc] ==> lib [c]
    arg [-lgcc] ==> lib [gcc]
    arg [--push-state] ==> ignore
    arg [--as-needed] ==> ignore
    arg [-lgcc_s] ==> lib [gcc_s]
    arg [--pop-state] ==> ignore
    arg [/usr/lib/gcc/x86_64-pc-linux-gnu/11.3.0/crtendS.o] ==> obj [/usr/lib/gcc/x86_64-pc-linux-gnu/11.3.0/crtendS.o]
    arg [/usr/lib/gcc/x86_64-pc-linux-gnu/11.3.0/../../../../lib/crtn.o] ==> obj [/usr/lib/gcc/x86_64-pc-linux-gnu/11.3.0/../../../../lib/crtn.o]
  collapse obj [/usr/lib/gcc/x86_64-pc-linux-gnu/11.3.0/../../../../lib/Scrt1.o] ==> [/usr/lib/Scrt1.o]
  collapse obj [/usr/lib/gcc/x86_64-pc-linux-gnu/11.3.0/../../../../lib/crti.o] ==> [/usr/lib/crti.o]
  collapse obj [/usr/lib/gcc/x86_64-pc-linux-gnu/11.3.0/../../../../lib/crtn.o] ==> [/usr/lib/crtn.o]
  collapse library dir [/usr/lib/gcc/x86_64-pc-linux-gnu/11.3.0] ==> [/usr/lib/gcc/x86_64-pc-linux-gnu/11.3.0]
  collapse library dir [/usr/lib/gcc/x86_64-pc-linux-gnu/11.3.0/../../../../lib] ==> [/usr/lib]
  collapse library dir [/lib/../lib] ==> [/lib]
  collapse library dir [/usr/lib/../lib] ==> [/usr/lib]
  collapse library dir [/usr/lib/gcc/x86_64-pc-linux-gnu/11.3.0/../../..] ==> [/usr/lib]
  implicit libs: [gcc;gcc_s;c;gcc;gcc_s]
  implicit objs: [/usr/lib/Scrt1.o;/usr/lib/crti.o;/usr/lib/gcc/x86_64-pc-linux-gnu/11.3.0/crtbeginS.o;/usr/lib/gcc/x86_64-pc-linux-gnu/11.3.0/crtendS.o;/usr/lib/crtn.o]
  implicit dirs: [/usr/lib/gcc/x86_64-pc-linux-gnu/11.3.0;/usr/lib;/lib]
  implicit fwks: []


Detecting CXX compiler ABI info compiled with the following output:
Change Dir: /home/baran/Work/code/trekker/build/CMakeFiles/CMakeScratch/TryCompile-ME7nlt

Run Build Command(s):/usr/bin/make -f Makefile cmTC_2f68c/fast && /usr/bin/make  -f CMakeFiles/cmTC_2f68c.dir/build.make CMakeFiles/cmTC_2f68c.dir/build
make[1]: Entering directory '/home/baran/Work/code/trekker/build/CMakeFiles/CMakeScratch/TryCompile-ME7nlt'
Building CXX object CMakeFiles/cmTC_2f68c.dir/CMakeCXXCompilerABI.cpp.o
/opt/cuda/bin/g++   -v -o CMakeFiles/cmTC_2f68c.dir/CMakeCXXCompilerABI.cpp.o -c /usr/share/cmake/Modules/CMakeCXXCompilerABI.cpp
Using built-in specs.
COLLECT_GCC=/opt/cuda/bin/g++
Target: x86_64-pc-linux-gnu
Configured with: /build/gcc11/src/gcc/configure --enable-languages=c,c++,fortran,lto --enable-bootstrap --prefix=/usr --libdir=/usr/lib --libexecdir=/usr/lib --mandir=/usr/share/man --infodir=/usr/share/info --with-bugurl=https://bugs.archlinux.org/ --with-linker-hash-style=gnu --with-system-zlib --enable-__cxa_atexit --enable-cet=auto --enable-checking=release --enable-clocale=gnu --enable-default-pie --enable-default-ssp --enable-gnu-indirect-function --enable-gnu-unique-object --enable-linker-build-id --enable-lto --enable-plugin --enable-shared --enable-threads=posix --disable-libssp --disable-libstdcxx-pch --disable-werror --with-build-config=bootstrap-lto --enable-link-serialization=1 --program-suffix=-11 --enable-version-specific-runtime-libs --disable-multilib
Thread model: posix
Supported LTO compression algorithms: zlib zstd
gcc version 11.3.0 (GCC) 
COLLECT_GCC_OPTIONS='-v' '-o' 'CMakeFiles/cmTC_2f68c.dir/CMakeCXXCompilerABI.cpp.o' '-c' '-shared-libgcc' '-mtune=generic' '-march=x86-64' '-dumpdir' 'CMakeFiles/cmTC_2f68c.dir/'
 /usr/lib/gcc/x86_64-pc-linux-gnu/11.3.0/cc1plus -quiet -v -D_GNU_SOURCE /usr/share/cmake/Modules/CMakeCXXCompilerABI.cpp -quiet -dumpdir CMakeFiles/cmTC_2f68c.dir/ -dumpbase CMakeCXXCompilerABI.cpp.cpp -dumpbase-ext .cpp -mtune=generic -march=x86-64 -version -o /tmp/ccPMZB1U.s
GNU C++17 (GCC) version 11.3.0 (x86_64-pc-linux-gnu)
	compiled by GNU C version 11.3.0, GMP version 6.2.1, MPFR version 4.1.1-p1, MPC version 1.2.1, isl version isl-0.25-GMP

warning: MPFR header version 4.1.1-p1 differs from library version 4.2.0.
warning: MPC header version 1.2.1 differs from library version 1.3.1.
GGC heuristics: --param ggc-min-expand=100 --param ggc-min-heapsize=131072
ignoring nonexistent directory "/usr/lib/gcc/x86_64-pc-linux-gnu/11.3.0/../../../../x86_64-pc-linux-gnu/include"
#include "..." search starts here:
#include <...> search starts here:
 /usr/lib/gcc/x86_64-pc-linux-gnu/11.3.0/include/c++
 /usr/lib/gcc/x86_64-pc-linux-gnu/11.3.0/include/c++/x86_64-pc-linux-gnu
 /usr/lib/gcc/x86_64-pc-linux-gnu/11.3.0/include/c++/backward
 /usr/lib/gcc/x86_64-pc-linux-gnu/11.3.0/include
 /usr/local/include
 /usr/lib/gcc/x86_64-pc-linux-gnu/11.3.0/include-fixed
 /usr/include
End of search list.
GNU C++17 (GCC) version 11.3.0 (x86_64-pc-linux-gnu)
	compiled by GNU C version 11.3.0, GMP version 6.2.1, MPFR version 4.1.1-p1, MPC version 1.2.1, isl version isl-0.25-GMP

warning: MPFR header version 4.1.1-p1 differs from library version 4.2.0.
warning: MPC header version 1.2.1 differs from library version 1.3.1.
GGC heuristics: --param ggc-min-expand=100 --param ggc-min-heapsize=131072
Compiler executable checksum: b9b6592062717c7bb4ecf7472067383c
COLLECT_GCC_OPTIONS='-v' '-o' 'CMakeFiles/cmTC_2f68c.dir/CMakeCXXCompilerABI.cpp.o' '-c' '-shared-libgcc' '-mtune=generic' '-march=x86-64' '-dumpdir' 'CMakeFiles/cmTC_2f68c.dir/'
 as -v --64 -o CMakeFiles/cmTC_2f68c.dir/CMakeCXXCompilerABI.cpp.o /tmp/ccPMZB1U.s
GNU assembler version 2.40 (x86_64-pc-linux-gnu) using BFD version (GNU Binutils) 2.40
COMPILER_PATH=/usr/lib/gcc/x86_64-pc-linux-gnu/11.3.0/:/usr/lib/gcc/x86_64-pc-linux-gnu/11.3.0/:/usr/lib/gcc/x86_64-pc-linux-gnu/:/usr/lib/gcc/x86_64-pc-linux-gnu/11.3.0/:/usr/lib/gcc/x86_64-pc-linux-gnu/
LIBRARY_PATH=/usr/lib/gcc/x86_64-pc-linux-gnu/11.3.0/:/usr/lib/gcc/x86_64-pc-linux-gnu/11.3.0/../../../../lib/:/lib/../lib/:/usr/lib/../lib/:/usr/lib/gcc/x86_64-pc-linux-gnu/11.3.0/../../../:/lib/:/usr/lib/
COLLECT_GCC_OPTIONS='-v' '-o' 'CMakeFiles/cmTC_2f68c.dir/CMakeCXXCompilerABI.cpp.o' '-c' '-shared-libgcc' '-mtune=generic' '-march=x86-64' '-dumpdir' 'CMakeFiles/cmTC_2f68c.dir/CMakeCXXCompilerABI.cpp.'
Linking CXX executable cmTC_2f68c
/usr/bin/cmake -E cmake_link_script CMakeFiles/cmTC_2f68c.dir/link.txt --verbose=1
/opt/cuda/bin/g++  -v CMakeFiles/cmTC_2f68c.dir/CMakeCXXCompilerABI.cpp.o -o cmTC_2f68c 
Using built-in specs.
COLLECT_GCC=/opt/cuda/bin/g++
COLLECT_LTO_WRAPPER=/usr/lib/gcc/x86_64-pc-linux-gnu/11.3.0/lto-wrapper
Target: x86_64-pc-linux-gnu
Configured with: /build/gcc11/src/gcc/configure --enable-languages=c,c++,fortran,lto --enable-bootstrap --prefix=/usr --libdir=/usr/lib --libexecdir=/usr/lib --mandir=/usr/share/man --infodir=/usr/share/info --with-bugurl=https://bugs.archlinux.org/ --with-linker-hash-style=gnu --with-system-zlib --enable-__cxa_atexit --enable-cet=auto --enable-checking=release --enable-clocale=gnu --enable-default-pie --enable-default-ssp --enable-gnu-indirect-function --enable-gnu-unique-object --enable-linker-build-id --enable-lto --enable-plugin --enable-shared --enable-threads=posix --disable-libssp --disable-libstdcxx-pch --disable-werror --with-build-config=bootstrap-lto --enable-link-serialization=1 --program-suffix=-11 --enable-version-specific-runtime-libs --disable-multilib
Thread model: posix
Supported LTO compression algorithms: zlib zstd
gcc version 11.3.0 (GCC) 
COMPILER_PATH=/usr/lib/gcc/x86_64-pc-linux-gnu/11.3.0/:/usr/lib/gcc/x86_64-pc-linux-gnu/11.3.0/:/usr/lib/gcc/x86_64-pc-linux-gnu/:/usr/lib/gcc/x86_64-pc-linux-gnu/11.3.0/:/usr/lib/gcc/x86_64-pc-linux-gnu/
LIBRARY_PATH=/usr/lib/gcc/x86_64-pc-linux-gnu/11.3.0/:/usr/lib/gcc/x86_64-pc-linux-gnu/11.3.0/../../../../lib/:/lib/../lib/:/usr/lib/../lib/:/usr/lib/gcc/x86_64-pc-linux-gnu/11.3.0/../../../:/lib/:/usr/lib/
COLLECT_GCC_OPTIONS='-v' '-o' 'cmTC_2f68c' '-shared-libgcc' '-mtune=generic' '-march=x86-64' '-dumpdir' 'cmTC_2f68c.'
 /usr/lib/gcc/x86_64-pc-linux-gnu/11.3.0/collect2 -plugin /usr/lib/gcc/x86_64-pc-linux-gnu/11.3.0/liblto_plugin.so -plugin-opt=/usr/lib/gcc/x86_64-pc-linux-gnu/11.3.0/lto-wrapper -plugin-opt=-fresolution=/tmp/ccWrXbK1.res -plugin-opt=-pass-through=-lgcc_s -plugin-opt=-pass-through=-lgcc -plugin-opt=-pass-through=-lc -plugin-opt=-pass-through=-lgcc_s -plugin-opt=-pass-through=-lgcc --build-id --eh-frame-hdr --hash-style=gnu -m elf_x86_64 -dynamic-linker /lib64/ld-linux-x86-64.so.2 -pie -o cmTC_2f68c /usr/lib/gcc/x86_64-pc-linux-gnu/11.3.0/../../../../lib/Scrt1.o /usr/lib/gcc/x86_64-pc-linux-gnu/11.3.0/../../../../lib/crti.o /usr/lib/gcc/x86_64-pc-linux-gnu/11.3.0/crtbeginS.o -L/usr/lib/gcc/x86_64-pc-linux-gnu/11.3.0 -L/usr/lib/gcc/x86_64-pc-linux-gnu/11.3.0/../../../../lib -L/lib/../lib -L/usr/lib/../lib -L/usr/lib/gcc/x86_64-pc-linux-gnu/11.3.0/../../.. CMakeFiles/cmTC_2f68c.dir/CMakeCXXCompilerABI.cpp.o -lstdc++ -lm -lgcc_s -lgcc -lc -lgcc_s -lgcc /usr/lib/gcc/x86_64-pc-linux-gnu/11.3.0/crtendS.o /usr/lib/gcc/x86_64-pc-linux-gnu/11.3.0/../../../../lib/crtn.o
COLLECT_GCC_OPTIONS='-v' '-o' 'cmTC_2f68c' '-shared-libgcc' '-mtune=generic' '-march=x86-64' '-dumpdir' 'cmTC_2f68c.'
make[1]: Leaving directory '/home/baran/Work/code/trekker/build/CMakeFiles/CMakeScratch/TryCompile-ME7nlt'



Parsed CXX implicit include dir info from above output: rv=done
  found start of include info
  found start of implicit include info
    add: [/usr/lib/gcc/x86_64-pc-linux-gnu/11.3.0/include/c++]
    add: [/usr/lib/gcc/x86_64-pc-linux-gnu/11.3.0/include/c++/x86_64-pc-linux-gnu]
    add: [/usr/lib/gcc/x86_64-pc-linux-gnu/11.3.0/include/c++/backward]
    add: [/usr/lib/gcc/x86_64-pc-linux-gnu/11.3.0/include]
    add: [/usr/local/include]
    add: [/usr/lib/gcc/x86_64-pc-linux-gnu/11.3.0/include-fixed]
    add: [/usr/include]
  end of search list found
  collapse include dir [/usr/lib/gcc/x86_64-pc-linux-gnu/11.3.0/include/c++] ==> [/usr/lib/gcc/x86_64-pc-linux-gnu/11.3.0/include/c++]
  collapse include dir [/usr/lib/gcc/x86_64-pc-linux-gnu/11.3.0/include/c++/x86_64-pc-linux-gnu] ==> [/usr/lib/gcc/x86_64-pc-linux-gnu/11.3.0/include/c++/x86_64-pc-linux-gnu]
  collapse include dir [/usr/lib/gcc/x86_64-pc-linux-gnu/11.3.0/include/c++/backward] ==> [/usr/lib/gcc/x86_64-pc-linux-gnu/11.3.0/include/c++/backward]
  collapse include dir [/usr/lib/gcc/x86_64-pc-linux-gnu/11.3.0/include] ==> [/usr/lib/gcc/x86_64-pc-linux-gnu/11.3.0/include]
  collapse include dir [/usr/local/include] ==> [/usr/local/include]
  collapse include dir [/usr/lib/gcc/x86_64-pc-linux-gnu/11.3.0/include-fixed] ==> [/usr/lib/gcc/x86_64-pc-linux-gnu/11.3.0/include-fixed]
  collapse include dir [/usr/include] ==> [/usr/include]
  implicit include dirs: [/usr/lib/gcc/x86_64-pc-linux-gnu/11.3.0/include/c++;/usr/lib/gcc/x86_64-pc-linux-gnu/11.3.0/include/c++/x86_64-pc-linux-gnu;/usr/lib/gcc/x86_64-pc-linux-gnu/11.3.0/include/c++/backward;/usr/lib/gcc/x86_64-pc-linux-gnu/11.3.0/include;/usr/local/include;/usr/lib/gcc/x86_64-pc-linux-gnu/11.3.0/include-fixed;/usr/include]


Parsed CXX implicit link information from above output:
  link line regex: [^( *|.*[/\])(ld|CMAKE_LINK_STARTFILE-NOTFOUND|([^/\]+-)?ld|collect2)[^/\]*( |$)]
  ignore line: [Change Dir: /home/baran/Work/code/trekker/build/CMakeFiles/CMakeScratch/TryCompile-ME7nlt]
  ignore line: []
  ignore line: [Run Build Command(s):/usr/bin/make -f Makefile cmTC_2f68c/fast && /usr/bin/make  -f CMakeFiles/cmTC_2f68c.dir/build.make CMakeFiles/cmTC_2f68c.dir/build]
  ignore line: [make[1]: Entering directory '/home/baran/Work/code/trekker/build/CMakeFiles/CMakeScratch/TryCompile-ME7nlt']
  ignore line: [Building CXX object CMakeFiles/cmTC_2f68c.dir/CMakeCXXCompilerABI.cpp.o]
  ignore line: [/opt/cuda/bin/g++   -v -o CMakeFiles/cmTC_2f68c.dir/CMakeCXXCompilerABI.cpp.o -c /usr/share/cmake/Modules/CMakeCXXCompilerABI.cpp]
  ignore line: [Using built-in specs.]
  ignore line: [COLLECT_GCC=/opt/cuda/bin/g++]
  ignore line: [Target: x86_64-pc-linux-gnu]
  ignore line: [Configured with: /build/gcc11/src/gcc/configure --enable-languages=c c++ fortran lto --enable-bootstrap --prefix=/usr --libdir=/usr/lib --libexecdir=/usr/lib --mandir=/usr/share/man --infodir=/usr/share/info --with-bugurl=https://bugs.archlinux.org/ --with-linker-hash-style=gnu --with-system-zlib --enable-__cxa_atexit --enable-cet=auto --enable-checking=release --enable-clocale=gnu --enable-default-pie --enable-default-ssp --enable-gnu-indirect-function --enable-gnu-unique-object --enable-linker-build-id --enable-lto --enable-plugin --enable-shared --enable-threads=posix --disable-libssp --disable-libstdcxx-pch --disable-werror --with-build-config=bootstrap-lto --enable-link-serialization=1 --program-suffix=-11 --enable-version-specific-runtime-libs --disable-multilib]
  ignore line: [Thread model: posix]
  ignore line: [Supported LTO compression algorithms: zlib zstd]
  ignore line: [gcc version 11.3.0 (GCC) ]
  ignore line: [COLLECT_GCC_OPTIONS='-v' '-o' 'CMakeFiles/cmTC_2f68c.dir/CMakeCXXCompilerABI.cpp.o' '-c' '-shared-libgcc' '-mtune=generic' '-march=x86-64' '-dumpdir' 'CMakeFiles/cmTC_2f68c.dir/']
  ignore line: [ /usr/lib/gcc/x86_64-pc-linux-gnu/11.3.0/cc1plus -quiet -v -D_GNU_SOURCE /usr/share/cmake/Modules/CMakeCXXCompilerABI.cpp -quiet -dumpdir CMakeFiles/cmTC_2f68c.dir/ -dumpbase CMakeCXXCompilerABI.cpp.cpp -dumpbase-ext .cpp -mtune=generic -march=x86-64 -version -o /tmp/ccPMZB1U.s]
  ignore line: [GNU C++17 (GCC) version 11.3.0 (x86_64-pc-linux-gnu)]
  ignore line: [	compiled by GNU C version 11.3.0  GMP version 6.2.1  MPFR version 4.1.1-p1  MPC version 1.2.1  isl version isl-0.25-GMP]
  ignore line: []
  ignore line: [warning: MPFR header version 4.1.1-p1 differs from library version 4.2.0.]
  ignore line: [warning: MPC header version 1.2.1 differs from library version 1.3.1.]
  ignore line: [GGC heuristics: --param ggc-min-expand=100 --param ggc-min-heapsize=131072]
  ignore line: [ignoring nonexistent directory "/usr/lib/gcc/x86_64-pc-linux-gnu/11.3.0/../../../../x86_64-pc-linux-gnu/include"]
  ignore line: [#include "..." search starts here:]
  ignore line: [#include <...> search starts here:]
  ignore line: [ /usr/lib/gcc/x86_64-pc-linux-gnu/11.3.0/include/c++]
  ignore line: [ /usr/lib/gcc/x86_64-pc-linux-gnu/11.3.0/include/c++/x86_64-pc-linux-gnu]
  ignore line: [ /usr/lib/gcc/x86_64-pc-linux-gnu/11.3.0/include/c++/backward]
  ignore line: [ /usr/lib/gcc/x86_64-pc-linux-gnu/11.3.0/include]
  ignore line: [ /usr/local/include]
  ignore line: [ /usr/lib/gcc/x86_64-pc-linux-gnu/11.3.0/include-fixed]
  ignore line: [ /usr/include]
  ignore line: [End of search list.]
  ignore line: [GNU C++17 (GCC) version 11.3.0 (x86_64-pc-linux-gnu)]
  ignore line: [	compiled by GNU C version 11.3.0  GMP version 6.2.1  MPFR version 4.1.1-p1  MPC version 1.2.1  isl version isl-0.25-GMP]
  ignore line: []
  ignore line: [warning: MPFR header version 4.1.1-p1 differs from library version 4.2.0.]
  ignore line: [warning: MPC header version 1.2.1 differs from library version 1.3.1.]
  ignore line: [GGC heuristics: --param ggc-min-expand=100 --param ggc-min-heapsize=131072]
  ignore line: [Compiler executable checksum: b9b6592062717c7bb4ecf7472067383c]
  ignore line: [COLLECT_GCC_OPTIONS='-v' '-o' 'CMakeFiles/cmTC_2f68c.dir/CMakeCXXCompilerABI.cpp.o' '-c' '-shared-libgcc' '-mtune=generic' '-march=x86-64' '-dumpdir' 'CMakeFiles/cmTC_2f68c.dir/']
  ignore line: [ as -v --64 -o CMakeFiles/cmTC_2f68c.dir/CMakeCXXCompilerABI.cpp.o /tmp/ccPMZB1U.s]
  ignore line: [GNU assembler version 2.40 (x86_64-pc-linux-gnu) using BFD version (GNU Binutils) 2.40]
  ignore line: [COMPILER_PATH=/usr/lib/gcc/x86_64-pc-linux-gnu/11.3.0/:/usr/lib/gcc/x86_64-pc-linux-gnu/11.3.0/:/usr/lib/gcc/x86_64-pc-linux-gnu/:/usr/lib/gcc/x86_64-pc-linux-gnu/11.3.0/:/usr/lib/gcc/x86_64-pc-linux-gnu/]
  ignore line: [LIBRARY_PATH=/usr/lib/gcc/x86_64-pc-linux-gnu/11.3.0/:/usr/lib/gcc/x86_64-pc-linux-gnu/11.3.0/../../../../lib/:/lib/../lib/:/usr/lib/../lib/:/usr/lib/gcc/x86_64-pc-linux-gnu/11.3.0/../../../:/lib/:/usr/lib/]
  ignore line: [COLLECT_GCC_OPTIONS='-v' '-o' 'CMakeFiles/cmTC_2f68c.dir/CMakeCXXCompilerABI.cpp.o' '-c' '-shared-libgcc' '-mtune=generic' '-march=x86-64' '-dumpdir' 'CMakeFiles/cmTC_2f68c.dir/CMakeCXXCompilerABI.cpp.']
  ignore line: [Linking CXX executable cmTC_2f68c]
  ignore line: [/usr/bin/cmake -E cmake_link_script CMakeFiles/cmTC_2f68c.dir/link.txt --verbose=1]
  ignore line: [/opt/cuda/bin/g++  -v CMakeFiles/cmTC_2f68c.dir/CMakeCXXCompilerABI.cpp.o -o cmTC_2f68c ]
  ignore line: [Using built-in specs.]
  ignore line: [COLLECT_GCC=/opt/cuda/bin/g++]
  ignore line: [COLLECT_LTO_WRAPPER=/usr/lib/gcc/x86_64-pc-linux-gnu/11.3.0/lto-wrapper]
  ignore line: [Target: x86_64-pc-linux-gnu]
  ignore line: [Configured with: /build/gcc11/src/gcc/configure --enable-languages=c c++ fortran lto --enable-bootstrap --prefix=/usr --libdir=/usr/lib --libexecdir=/usr/lib --mandir=/usr/share/man --infodir=/usr/share/info --with-bugurl=https://bugs.archlinux.org/ --with-linker-hash-style=gnu --with-system-zlib --enable-__cxa_atexit --enable-cet=auto --enable-checking=release --enable-clocale=gnu --enable-default-pie --enable-default-ssp --enable-gnu-indirect-function --enable-gnu-unique-object --enable-linker-build-id --enable-lto --enable-plugin --enable-shared --enable-threads=posix --disable-libssp --disable-libstdcxx-pch --disable-werror --with-build-config=bootstrap-lto --enable-link-serialization=1 --program-suffix=-11 --enable-version-specific-runtime-libs --disable-multilib]
  ignore line: [Thread model: posix]
  ignore line: [Supported LTO compression algorithms: zlib zstd]
  ignore line: [gcc version 11.3.0 (GCC) ]
  ignore line: [COMPILER_PATH=/usr/lib/gcc/x86_64-pc-linux-gnu/11.3.0/:/usr/lib/gcc/x86_64-pc-linux-gnu/11.3.0/:/usr/lib/gcc/x86_64-pc-linux-gnu/:/usr/lib/gcc/x86_64-pc-linux-gnu/11.3.0/:/usr/lib/gcc/x86_64-pc-linux-gnu/]
  ignore line: [LIBRARY_PATH=/usr/lib/gcc/x86_64-pc-linux-gnu/11.3.0/:/usr/lib/gcc/x86_64-pc-linux-gnu/11.3.0/../../../../lib/:/lib/../lib/:/usr/lib/../lib/:/usr/lib/gcc/x86_64-pc-linux-gnu/11.3.0/../../../:/lib/:/usr/lib/]
  ignore line: [COLLECT_GCC_OPTIONS='-v' '-o' 'cmTC_2f68c' '-shared-libgcc' '-mtune=generic' '-march=x86-64' '-dumpdir' 'cmTC_2f68c.']
  link line: [ /usr/lib/gcc/x86_64-pc-linux-gnu/11.3.0/collect2 -plugin /usr/lib/gcc/x86_64-pc-linux-gnu/11.3.0/liblto_plugin.so -plugin-opt=/usr/lib/gcc/x86_64-pc-linux-gnu/11.3.0/lto-wrapper -plugin-opt=-fresolution=/tmp/ccWrXbK1.res -plugin-opt=-pass-through=-lgcc_s -plugin-opt=-pass-through=-lgcc -plugin-opt=-pass-through=-lc -plugin-opt=-pass-through=-lgcc_s -plugin-opt=-pass-through=-lgcc --build-id --eh-frame-hdr --hash-style=gnu -m elf_x86_64 -dynamic-linker /lib64/ld-linux-x86-64.so.2 -pie -o cmTC_2f68c /usr/lib/gcc/x86_64-pc-linux-gnu/11.3.0/../../../../lib/Scrt1.o /usr/lib/gcc/x86_64-pc-linux-gnu/11.3.0/../../../../lib/crti.o /usr/lib/gcc/x86_64-pc-linux-gnu/11.3.0/crtbeginS.o -L/usr/lib/gcc/x86_64-pc-linux-gnu/11.3.0 -L/usr/lib/gcc/x86_64-pc-linux-gnu/11.3.0/../../../../lib -L/lib/../lib -L/usr/lib/../lib -L/usr/lib/gcc/x86_64-pc-linux-gnu/11.3.0/../../.. CMakeFiles/cmTC_2f68c.dir/CMakeCXXCompilerABI.cpp.o -lstdc++ -lm -lgcc_s -lgcc -lc -lgcc_s -lgcc /usr/lib/gcc/x86_64-pc-linux-gnu/11.3.0/crtendS.o /usr/lib/gcc/x86_64-pc-linux-gnu/11.3.0/../../../../lib/crtn.o]
    arg [/usr/lib/gcc/x86_64-pc-linux-gnu/11.3.0/collect2] ==> ignore
    arg [-plugin] ==> ignore
    arg [/usr/lib/gcc/x86_64-pc-linux-gnu/11.3.0/liblto_plugin.so] ==> ignore
    arg [-plugin-opt=/usr/lib/gcc/x86_64-pc-linux-gnu/11.3.0/lto-wrapper] ==> ignore
    arg [-plugin-opt=-fresolution=/tmp/ccWrXbK1.res] ==> ignore
    arg [-plugin-opt=-pass-through=-lgcc_s] ==> ignore
    arg [-plugin-opt=-pass-through=-lgcc] ==> ignore
    arg [-plugin-opt=-pass-through=-lc] ==> ignore
    arg [-plugin-opt=-pass-through=-lgcc_s] ==> ignore
    arg [-plugin-opt=-pass-through=-lgcc] ==> ignore
    arg [--build-id] ==> ignore
    arg [--eh-frame-hdr] ==> ignore
    arg [--hash-style=gnu] ==> ignore
    arg [-m] ==> ignore
    arg [elf_x86_64] ==> ignore
    arg [-dynamic-linker] ==> ignore
    arg [/lib64/ld-linux-x86-64.so.2] ==> ignore
    arg [-pie] ==> ignore
    arg [-o] ==> ignore
    arg [cmTC_2f68c] ==> ignore
    arg [/usr/lib/gcc/x86_64-pc-linux-gnu/11.3.0/../../../../lib/Scrt1.o] ==> obj [/usr/lib/gcc/x86_64-pc-linux-gnu/11.3.0/../../../../lib/Scrt1.o]
    arg [/usr/lib/gcc/x86_64-pc-linux-gnu/11.3.0/../../../../lib/crti.o] ==> obj [/usr/lib/gcc/x86_64-pc-linux-gnu/11.3.0/../../../../lib/crti.o]
    arg [/usr/lib/gcc/x86_64-pc-linux-gnu/11.3.0/crtbeginS.o] ==> obj [/usr/lib/gcc/x86_64-pc-linux-gnu/11.3.0/crtbeginS.o]
    arg [-L/usr/lib/gcc/x86_64-pc-linux-gnu/11.3.0] ==> dir [/usr/lib/gcc/x86_64-pc-linux-gnu/11.3.0]
    arg [-L/usr/lib/gcc/x86_64-pc-linux-gnu/11.3.0/../../../../lib] ==> dir [/usr/lib/gcc/x86_64-pc-linux-gnu/11.3.0/../../../../lib]
    arg [-L/lib/../lib] ==> dir [/lib/../lib]
    arg [-L/usr/lib/../lib] ==> dir [/usr/lib/../lib]
    arg [-L/usr/lib/gcc/x86_64-pc-linux-gnu/11.3.0/../../..] ==> dir [/usr/lib/gcc/x86_64-pc-linux-gnu/11.3.0/../../..]
    arg [CMakeFiles/cmTC_2f68c.dir/CMakeCXXCompilerABI.cpp.o] ==> ignore
    arg [-lstdc++] ==> lib [stdc++]
    arg [-lm] ==> lib [m]
    arg [-lgcc_s] ==> lib [gcc_s]
    arg [-lgcc] ==> lib [gcc]
    arg [-lc] ==> lib [c]
    arg [-lgcc_s] ==> lib [gcc_s]
    arg [-lgcc] ==> lib [gcc]
    arg [/usr/lib/gcc/x86_64-pc-linux-gnu/11.3.0/crtendS.o] ==> obj [/usr/lib/gcc/x86_64-pc-linux-gnu/11.3.0/crtendS.o]
    arg [/usr/lib/gcc/x86_64-pc-linux-gnu/11.3.0/../../../../lib/crtn.o] ==> obj [/usr/lib/gcc/x86_64-pc-linux-gnu/11.3.0/../../../../lib/crtn.o]
  collapse obj [/usr/lib/gcc/x86_64-pc-linux-gnu/11.3.0/../../../../lib/Scrt1.o] ==> [/usr/lib/Scrt1.o]
  collapse obj [/usr/lib/gcc/x86_64-pc-linux-gnu/11.3.0/../../../../lib/crti.o] ==> [/usr/lib/crti.o]
  collapse obj [/usr/lib/gcc/x86_64-pc-linux-gnu/11.3.0/../../../../lib/crtn.o] ==> [/usr/lib/crtn.o]
  collapse library dir [/usr/lib/gcc/x86_64-pc-linux-gnu/11.3.0] ==> [/usr/lib/gcc/x86_64-pc-linux-gnu/11.3.0]
  collapse library dir [/usr/lib/gcc/x86_64-pc-linux-gnu/11.3.0/../../../../lib] ==> [/usr/lib]
  collapse library dir [/lib/../lib] ==> [/lib]
  collapse library dir [/usr/lib/../lib] ==> [/usr/lib]
  collapse library dir [/usr/lib/gcc/x86_64-pc-linux-gnu/11.3.0/../../..] ==> [/usr/lib]
  implicit libs: [stdc++;m;gcc_s;gcc;c;gcc_s;gcc]
  implicit objs: [/usr/lib/Scrt1.o;/usr/lib/crti.o;/usr/lib/gcc/x86_64-pc-linux-gnu/11.3.0/crtbeginS.o;/usr/lib/gcc/x86_64-pc-linux-gnu/11.3.0/crtendS.o;/usr/lib/crtn.o]
  implicit dirs: [/usr/lib/gcc/x86_64-pc-linux-gnu/11.3.0;/usr/lib;/lib]
  implicit fwks: []


